"module name","license","repository"
"@ampproject/remapping@2.2.0","Apache-2.0","https://github.com/ampproject/remapping"
"@apollo/protobufjs@1.2.6","BSD-3-Clause","https://github.com/apollographql/protobuf.js"
"@apollo/protobufjs@1.2.7","BSD-3-Clause","https://github.com/apollographql/protobuf.js"
"@apollo/usage-reporting-protobuf@4.0.2","MIT","https://github.com/apollographql/apollo-server"
"@apollo/utils.dropunuseddefinitions@1.1.0","MIT","https://github.com/apollographql/apollo-utils"
"@apollo/utils.keyvaluecache@1.0.2","MIT","https://github.com/apollographql/apollo-utils"
"@apollo/utils.logger@1.0.1","MIT","https://github.com/apollographql/apollo-utils"
"@apollo/utils.printwithreducedwhitespace@1.1.0","MIT","https://github.com/apollographql/apollo-utils"
"@apollo/utils.removealiases@1.0.0","MIT","https://github.com/apollographql/apollo-utils"
"@apollo/utils.sortast@1.1.0","MIT","https://github.com/apollographql/apollo-utils"
"@apollo/utils.stripsensitiveliterals@1.2.0","MIT","https://github.com/apollographql/apollo-utils"
"@apollo/utils.usagereporting@1.0.1","MIT","https://github.com/apollographql/apollo-utils"
"@apollographql/apollo-tools@0.5.4","MIT","https://github.com/apollographql/apollo-tooling"
"@apollographql/graphql-playground-html@1.6.29","MIT","https://github.com/graphcool/graphql-playground"
"@babel/code-frame@7.18.6","MIT","https://github.com/babel/babel"
"@babel/compat-data@7.21.0","MIT","https://github.com/babel/babel"
"@babel/core@7.21.0","MIT","https://github.com/babel/babel"
"@babel/generator@7.21.1","MIT","https://github.com/babel/babel"
"@babel/helper-compilation-targets@7.20.7","MIT","https://github.com/babel/babel"
"@babel/helper-define-polyfill-provider@0.3.3","MIT","https://github.com/babel/babel-polyfills"
"@babel/helper-environment-visitor@7.18.9","MIT","https://github.com/babel/babel"
"@babel/helper-function-name@7.21.0","MIT","https://github.com/babel/babel"
"@babel/helper-hoist-variables@7.18.6","MIT","https://github.com/babel/babel"
"@babel/helper-module-imports@7.18.6","MIT","https://github.com/babel/babel"
"@babel/helper-module-transforms@7.21.2","MIT","https://github.com/babel/babel"
"@babel/helper-plugin-utils@7.20.2","MIT","https://github.com/babel/babel"
"@babel/helper-simple-access@7.20.2","MIT","https://github.com/babel/babel"
"@babel/helper-split-export-declaration@7.18.6","MIT","https://github.com/babel/babel"
"@babel/helper-string-parser@7.19.4","MIT","https://github.com/babel/babel"
"@babel/helper-validator-identifier@7.19.1","MIT","https://github.com/babel/babel"
"@babel/helper-validator-option@7.21.0","MIT","https://github.com/babel/babel"
"@babel/helpers@7.21.0","MIT","https://github.com/babel/babel"
"@babel/highlight@7.18.6","MIT","https://github.com/babel/babel"
"@babel/parser@7.21.2","MIT","https://github.com/babel/babel"
"@babel/plugin-transform-runtime@7.21.0","MIT","https://github.com/babel/babel"
"@babel/runtime@7.21.0","MIT","https://github.com/babel/babel"
"@babel/template@7.20.7","MIT","https://github.com/babel/babel"
"@babel/traverse@7.21.2","MIT","https://github.com/babel/babel"
"@babel/types@7.21.2","MIT","https://github.com/babel/babel"
"@ensdomains/address-encoder@0.1.9","UNKNOWN",""
"@ensdomains/ens@0.4.5","CC0-1.0","https://github.com/ensdomains/ens"
"@ensdomains/ensjs@2.1.0","ISC","https://github.com/ensdomains/ensjs"
"@ensdomains/resolver@0.2.4","UNKNOWN",""
"@eslint/eslintrc@1.4.1","MIT","https://github.com/eslint/eslintrc"
"@ethereumjs/common@2.5.0","MIT","https://github.com/ethereumjs/ethereumjs-monorepo"
"@ethereumjs/common@2.6.5","MIT","https://github.com/ethereumjs/ethereumjs-monorepo"
"@ethereumjs/tx@3.3.2","MPL-2.0","https://github.com/ethereumjs/ethereumjs-monorepo"
"@ethereumjs/tx@3.5.2","MPL-2.0","https://github.com/ethereumjs/ethereumjs-monorepo"
"@ethersproject/abi@5.7.0","MIT","https://github.com/ethers-io/ethers.js"
"@ethersproject/abstract-provider@5.7.0","MIT","https://github.com/ethers-io/ethers.js"
"@ethersproject/abstract-signer@5.7.0","MIT","https://github.com/ethers-io/ethers.js"
"@ethersproject/address@5.7.0","MIT","https://github.com/ethers-io/ethers.js"
"@ethersproject/base64@5.7.0","MIT","https://github.com/ethers-io/ethers.js"
"@ethersproject/basex@5.7.0","MIT","https://github.com/ethers-io/ethers.js"
"@ethersproject/bignumber@5.7.0","MIT","https://github.com/ethers-io/ethers.js"
"@ethersproject/bytes@5.7.0","MIT","https://github.com/ethers-io/ethers.js"
"@ethersproject/constants@5.7.0","MIT","https://github.com/ethers-io/ethers.js"
"@ethersproject/contracts@5.7.0","MIT","https://github.com/ethers-io/ethers.js"
"@ethersproject/hash@5.7.0","MIT","https://github.com/ethers-io/ethers.js"
"@ethersproject/hdnode@5.7.0","MIT","https://github.com/ethers-io/ethers.js"
"@ethersproject/json-wallets@5.7.0","MIT","https://github.com/ethers-io/ethers.js"
"@ethersproject/keccak256@5.7.0","MIT","https://github.com/ethers-io/ethers.js"
"@ethersproject/logger@5.7.0","MIT","https://github.com/ethers-io/ethers.js"
"@ethersproject/networks@5.7.1","MIT","https://github.com/ethers-io/ethers.js"
"@ethersproject/pbkdf2@5.7.0","MIT","https://github.com/ethers-io/ethers.js"
"@ethersproject/properties@5.7.0","MIT","https://github.com/ethers-io/ethers.js"
"@ethersproject/providers@5.7.2","MIT","https://github.com/ethers-io/ethers.js"
"@ethersproject/random@5.7.0","MIT","https://github.com/ethers-io/ethers.js"
"@ethersproject/rlp@5.7.0","MIT","https://github.com/ethers-io/ethers.js"
"@ethersproject/sha2@5.7.0","MIT","https://github.com/ethers-io/ethers.js"
"@ethersproject/signing-key@5.7.0","MIT","https://github.com/ethers-io/ethers.js"
"@ethersproject/solidity@5.7.0","MIT","https://github.com/ethers-io/ethers.js"
"@ethersproject/strings@5.7.0","MIT","https://github.com/ethers-io/ethers.js"
"@ethersproject/transactions@5.7.0","MIT","https://github.com/ethers-io/ethers.js"
"@ethersproject/units@5.7.0","MIT","https://github.com/ethers-io/ethers.js"
"@ethersproject/wallet@5.7.0","MIT","https://github.com/ethers-io/ethers.js"
"@ethersproject/web@5.7.1","MIT","https://github.com/ethers-io/ethers.js"
"@ethersproject/wordlists@5.7.0","MIT","https://github.com/ethers-io/ethers.js"
"@graphql-tools/batch-execute@8.5.1","MIT","https://github.com/ardatan/graphql-tools"
"@graphql-tools/delegate@8.8.1","MIT","https://github.com/ardatan/graphql-tools"
"@graphql-tools/merge@8.3.1","MIT","https://github.com/ardatan/graphql-tools"
"@graphql-tools/merge@8.3.18","MIT","https://github.com/ardatan/graphql-tools"
"@graphql-tools/mock@8.7.18","MIT","https://github.com/ardatan/graphql-tools"
"@graphql-tools/schema@8.5.1","MIT","https://github.com/ardatan/graphql-tools"
"@graphql-tools/schema@9.0.16","MIT","https://github.com/ardatan/graphql-tools"
"@graphql-tools/utils@8.9.0","MIT","https://github.com/ardatan/graphql-tools"
"@graphql-tools/utils@9.2.1","MIT","https://github.com/ardatan/graphql-tools"
"@graphql-typed-document-node/core@3.1.2","MIT","https://github.com/dotansimha/graphql-typed-document-node"
"@humanwhocodes/config-array@0.11.8","Apache-2.0","https://github.com/humanwhocodes/config-array"
"@humanwhocodes/module-importer@1.0.1","Apache-2.0","https://github.com/humanwhocodes/module-importer"
"@humanwhocodes/object-schema@1.2.1","BSD-3-Clause","https://github.com/humanwhocodes/object-schema"
"@josephg/resolvable@1.0.1","ISC","https://github.com/josephg/resolvable"
"@jridgewell/gen-mapping@0.1.1","MIT","https://github.com/jridgewell/gen-mapping"
"@jridgewell/gen-mapping@0.3.2","MIT","https://github.com/jridgewell/gen-mapping"
"@jridgewell/resolve-uri@3.1.0","MIT","https://github.com/jridgewell/resolve-uri"
"@jridgewell/set-array@1.1.2","MIT","https://github.com/jridgewell/set-array"
"@jridgewell/sourcemap-codec@1.4.14","MIT","https://github.com/jridgewell/sourcemap-codec"
"@jridgewell/trace-mapping@0.3.17","MIT","https://github.com/jridgewell/trace-mapping"
"@metamask/eth-sig-util@4.0.1","ISC","https://github.com/MetaMask/eth-sig-util"
"@metamask/safe-event-emitter@2.0.0","ISC",""
"@noble/hashes@1.1.2","MIT","https://github.com/paulmillr/noble-hashes"
"@noble/secp256k1@1.6.3","MIT","https://github.com/paulmillr/noble-secp256k1"
"@nodelib/fs.scandir@2.1.5","MIT","https://github.com/nodelib/nodelib/tree/master/packages/fs/fs.scandir"
"@nodelib/fs.stat@2.0.5","MIT","https://github.com/nodelib/nodelib/tree/master/packages/fs/fs.stat"
"@nodelib/fs.walk@1.2.8","MIT","https://github.com/nodelib/nodelib/tree/master/packages/fs/fs.walk"
"@openzeppelin/contract-loader@0.6.3","MIT","https://github.com/OpenZeppelin/contract-loader"
"@openzeppelin/contracts@4.8.1","MIT","https://github.com/OpenZeppelin/openzeppelin-contracts"
"@openzeppelin/test-helpers@0.5.16","MIT","https://github.com/OpenZeppelin/openzeppelin-test-helpers"
"@protobufjs/aspromise@1.1.2","BSD-3-Clause","https://github.com/dcodeIO/protobuf.js"
"@protobufjs/base64@1.1.2","BSD-3-Clause","https://github.com/dcodeIO/protobuf.js"
"@protobufjs/codegen@2.0.4","BSD-3-Clause","https://github.com/dcodeIO/protobuf.js"
"@protobufjs/eventemitter@1.1.0","BSD-3-Clause","https://github.com/dcodeIO/protobuf.js"
"@protobufjs/fetch@1.1.0","BSD-3-Clause","https://github.com/dcodeIO/protobuf.js"
"@protobufjs/float@1.0.2","BSD-3-Clause","https://github.com/dcodeIO/protobuf.js"
"@protobufjs/inquire@1.1.0","BSD-3-Clause","https://github.com/dcodeIO/protobuf.js"
"@protobufjs/path@1.1.2","BSD-3-Clause","https://github.com/dcodeIO/protobuf.js"
"@protobufjs/pool@1.1.0","BSD-3-Clause","https://github.com/dcodeIO/protobuf.js"
"@protobufjs/utf8@1.1.0","BSD-3-Clause","https://github.com/dcodeIO/protobuf.js"
"@redux-saga/core@1.2.2","MIT","https://github.com/redux-saga/redux-saga/tree/main/packages/core"
"@redux-saga/deferred@1.2.1","MIT","https://github.com/redux-saga/redux-saga/tree/main/packages/deferred"
"@redux-saga/delay-p@1.2.1","MIT","https://github.com/redux-saga/redux-saga/tree/main/packages/delay-p"
"@redux-saga/is@1.1.3","MIT","https://github.com/redux-saga/redux-saga/tree/main/packages/is"
"@redux-saga/symbols@1.1.3","MIT","https://github.com/redux-saga/redux-saga/tree/main/packages/symbols"
"@redux-saga/types@1.2.1","MIT","https://github.com/redux-saga/redux-saga/tree/main/packages/types"
"@scure/base@1.1.1","MIT","https://github.com/paulmillr/scure-base"
"@scure/bip32@1.1.0","MIT","https://github.com/paulmillr/scure-bip32"
"@scure/bip39@1.1.0","MIT","https://github.com/paulmillr/scure-bip39"
"@sindresorhus/is@4.6.0","MIT","https://github.com/sindresorhus/is"
"@solidity-parser/parser@0.15.0","MIT","https://github.com/solidity-parser/parser"
"@szmarczak/http-timer@4.0.6","MIT","https://github.com/szmarczak/http-timer"
"@szmarczak/http-timer@5.0.1","MIT","https://github.com/szmarczak/http-timer"
"@truffle/abi-utils@0.3.8","MIT","https://github.com/trufflesuite/truffle"
"@truffle/blockchain-utils@0.1.6","MIT","https://github.com/trufflesuite/truffle"
"@truffle/code-utils@3.0.2","MIT","https://github.com/trufflesuite/truffle"
"@truffle/codec@0.14.15","MIT","https://github.com/trufflesuite/truffle"
"@truffle/compile-common@0.9.3","MIT","https://github.com/trufflesuite/truffle"
"@truffle/config@1.3.52","MIT","https://github.com/trufflesuite/truffle"
"@truffle/contract-schema@3.4.12","MIT","https://github.com/trufflesuite/truffle"
"@truffle/contract@4.6.15","MIT","https://github.com/trufflesuite/truffle"
"@truffle/dashboard-message-bus-client@0.1.10","MIT","https://github.com/trufflesuite/truffle"
"@truffle/dashboard-message-bus-common@0.1.5","MIT","https://github.com/trufflesuite/truffle"
"@truffle/db-loader@0.2.16","MIT","https://github.com/trufflesuite/truffle"
"@truffle/db@2.0.16","MIT","https://github.com/trufflesuite/truffle"
"@truffle/debug-utils@6.0.46","MIT","https://github.com/trufflesuite/truffle"
"@truffle/debugger@11.0.27","MIT","https://github.com/trufflesuite/truffle"
"@truffle/error@0.2.0","MIT","https://github.com/trufflesuite/truffle"
"@truffle/events@0.1.22","ISC","https://github.com/trufflesuite/truffle"
"@truffle/hdwallet-provider@2.1.7","MIT","https://github.com/trufflesuite/truffle"
"@truffle/hdwallet@0.1.1","MIT","https://github.com/trufflesuite/truffle"
"@truffle/interface-adapter@0.5.29","MIT","https://github.com/trufflesuite/truffle"
"@truffle/promise-tracker@0.1.5","MIT","https://github.com/trufflesuite/truffle"
"@truffle/provider@0.3.5","MIT","https://github.com/trufflesuite/truffle"
"@truffle/source-map-utils@1.3.107","MIT","https://github.com/trufflesuite/truffle"
"@truffle/spinners@0.2.3","MIT","https://github.com/trufflesuite/truffle"
"@trufflesuite/bigint-buffer@1.1.10","Apache-2.0","https://github.com/trufflesuite/bigint-buffer"
"@trufflesuite/chromafi@3.0.0","MIT","https://github.com/trufflesuite/chromafi"
"@trufflesuite/spinnies@0.1.1","MIT","https://github.com/trufflesuite/spinnies"
"@types/accepts@1.3.5","MIT","https://github.com/DefinitelyTyped/DefinitelyTyped"
"@types/bn.js@4.11.6","MIT","https://github.com/DefinitelyTyped/DefinitelyTyped"
"@types/bn.js@5.1.0","MIT","https://github.com/DefinitelyTyped/DefinitelyTyped"
"@types/bn.js@5.1.1","MIT","https://github.com/DefinitelyTyped/DefinitelyTyped"
"@types/body-parser@1.19.2","MIT","https://github.com/DefinitelyTyped/DefinitelyTyped"
"@types/cacheable-request@6.0.3","MIT","https://github.com/DefinitelyTyped/DefinitelyTyped"
"@types/connect@3.4.35","MIT","https://github.com/DefinitelyTyped/DefinitelyTyped"
"@types/cors@2.8.12","MIT","https://github.com/DefinitelyTyped/DefinitelyTyped"
"@types/ethereum-protocol@1.0.2","MIT","https://github.com/DefinitelyTyped/DefinitelyTyped"
"@types/express-serve-static-core@4.17.31","MIT","https://github.com/DefinitelyTyped/DefinitelyTyped"
"@types/express-serve-static-core@4.17.33","MIT","https://github.com/DefinitelyTyped/DefinitelyTyped"
"@types/express@4.17.14","MIT","https://github.com/DefinitelyTyped/DefinitelyTyped"
"@types/http-cache-semantics@4.0.1","MIT","https://github.com/DefinitelyTyped/DefinitelyTyped"
"@types/keyv@3.1.4","MIT","https://github.com/DefinitelyTyped/DefinitelyTyped"
"@types/long@4.0.2","MIT","https://github.com/DefinitelyTyped/DefinitelyTyped"
"@types/lru-cache@5.1.1","MIT","https://github.com/DefinitelyTyped/DefinitelyTyped"
"@types/mime@3.0.1","MIT","https://github.com/DefinitelyTyped/DefinitelyTyped"
"@types/node@10.17.60","MIT","https://github.com/DefinitelyTyped/DefinitelyTyped"
"@types/node@12.20.55","MIT","https://github.com/DefinitelyTyped/DefinitelyTyped"
"@types/node@17.0.0","MIT","https://github.com/DefinitelyTyped/DefinitelyTyped"
"@types/node@18.14.1","MIT","https://github.com/DefinitelyTyped/DefinitelyTyped"
"@types/pbkdf2@3.1.0","MIT","https://github.com/DefinitelyTyped/DefinitelyTyped"
"@types/qs@6.9.7","MIT","https://github.com/DefinitelyTyped/DefinitelyTyped"
"@types/range-parser@1.2.4","MIT","https://github.com/DefinitelyTyped/DefinitelyTyped"
"@types/responselike@1.0.0","MIT","https://github.com/DefinitelyTyped/DefinitelyTyped"
"@types/secp256k1@4.0.3","MIT","https://github.com/DefinitelyTyped/DefinitelyTyped"
"@types/seedrandom@3.0.1","MIT","https://github.com/DefinitelyTyped/DefinitelyTyped"
"@types/serve-static@1.15.0","MIT","https://github.com/DefinitelyTyped/DefinitelyTyped"
"@types/underscore@1.11.4","MIT","https://github.com/DefinitelyTyped/DefinitelyTyped"
"@types/web3-provider-engine@14.0.1","MIT","https://github.com/DefinitelyTyped/DefinitelyTyped"
"@types/web3@1.0.20","MIT","https://github.com/DefinitelyTyped/DefinitelyTyped"
"abbrev@1.1.1","ISC","https://github.com/isaacs/abbrev-js"
"abort-controller@3.0.0","MIT","https://github.com/mysticatea/abort-controller"
"abortcontroller-polyfill@1.7.5","MIT","https://github.com/mo/abortcontroller-polyfill"
"abstract-level@1.0.3","MIT","https://github.com/Level/abstract-level"
"abstract-leveldown@2.6.3","MIT","https://github.com/level/abstract-leveldown"
"abstract-leveldown@2.7.2","MIT","https://github.com/level/abstract-leveldown"
"abstract-leveldown@6.2.3","MIT","https://github.com/Level/abstract-leveldown"
"abstract-leveldown@6.3.0","MIT","https://github.com/Level/abstract-leveldown"
"abstract-leveldown@7.2.0","MIT","https://github.com/Level/abstract-leveldown"
"accepts@1.3.8","MIT","https://github.com/jshttp/accepts"
"acorn-jsx@5.3.2","MIT","https://github.com/acornjs/acorn-jsx"
"acorn@8.8.2","MIT","https://github.com/acornjs/acorn"
"aes-js@3.0.0","MIT","https://github.com/ricmoo/aes-js"
"aggregate-error@3.1.0","MIT","https://github.com/sindresorhus/aggregate-error"
"ajv-formats@2.1.1","MIT","https://github.com/ajv-validator/ajv-formats"
"ajv@6.12.6","MIT","https://github.com/ajv-validator/ajv"
"ajv@8.12.0","MIT","https://github.com/ajv-validator/ajv"
"ansi-colors@3.2.4","MIT","https://github.com/doowb/ansi-colors"
"ansi-colors@4.1.1","MIT","https://github.com/doowb/ansi-colors"
"ansi-escapes@4.3.2","MIT","https://github.com/sindresorhus/ansi-escapes"
"ansi-regex@2.1.1","MIT","https://github.com/chalk/ansi-regex"
"ansi-regex@3.0.1","MIT","https://github.com/chalk/ansi-regex"
"ansi-regex@5.0.1","MIT","https://github.com/chalk/ansi-regex"
"ansi-regex@6.0.1","MIT","https://github.com/chalk/ansi-regex"
"ansi-styles@3.2.1","MIT","https://github.com/chalk/ansi-styles"
"ansi-styles@4.3.0","MIT","https://github.com/chalk/ansi-styles"
"ansi-styles@6.2.1","MIT","https://github.com/chalk/ansi-styles"
"antlr4@4.12.0","BSD-3-Clause","https://github.com/antlr/antlr4"
"antlr4ts@0.5.0-alpha.4","BSD-3-Clause","https://github.com/tunnelvisionlabs/antlr4ts"
"anymatch@3.1.3","ISC","https://github.com/micromatch/anymatch"
"apollo-datasource@3.3.2","MIT","https://github.com/apollographql/apollo-server"
"apollo-reporting-protobuf@3.3.3","MIT","https://github.com/apollographql/apollo-server"
"apollo-server-core@3.11.1","MIT","https://github.com/apollographql/apollo-server"
"apollo-server-env@4.2.1","MIT","https://github.com/apollographql/apollo-server"
"apollo-server-errors@3.3.1","MIT","https://github.com/apollographql/apollo-server"
"apollo-server-express@3.11.1","MIT","https://github.com/apollographql/apollo-server"
"apollo-server-plugin-base@3.7.1","MIT",""
"apollo-server-types@3.7.1","MIT",""
"apollo-server@3.11.1","MIT","https://github.com/apollographql/apollo-server"
"app-module-path@2.2.0","BSD-2-Clause","https://github.com/patrick-steele-idem/app-module-path-node"
"argparse@2.0.1","Python-2.0","https://github.com/nodeca/argparse"
"argsarray@0.0.1","WTFPL","https://github.com/calvinmetcalf/argsarray"
"array-find-index@1.0.2","MIT","https://github.com/sindresorhus/array-find-index"
"array-flatten@1.1.1","MIT","https://github.com/blakeembrey/array-flatten"
"asap@2.0.6","MIT","https://github.com/kriskowal/asap"
"asn1@0.2.6","MIT","https://github.com/joyent/node-asn1"
"assert-plus@1.0.0","MIT","https://github.com/mcavage/node-assert-plus"
"assertion-error@1.1.0","MIT","https://github.com/chaijs/assertion-error"
"ast-parents@0.0.1","MIT","https://github.com/hughsk/ast-parents"
"astral-regex@2.0.0","MIT","https://github.com/kevva/astral-regex"
"async-eventemitter@0.2.4","MIT",""
"async-limiter@1.0.1","MIT","https://github.com/strml/async-limiter"
"async-mutex@0.2.6","MIT","https://github.com/DirtyHairy/async-mutex"
"async-retry@1.3.3","MIT","https://github.com/vercel/async-retry"
"async@1.5.2","MIT","https://github.com/caolan/async"
"async@2.6.4","MIT","https://github.com/caolan/async"
"asynckit@0.4.0","MIT","https://github.com/alexindigo/asynckit"
"at-least-node@1.0.0","ISC","https://github.com/RyanZim/at-least-node"
"atomically@1.7.0","MIT","https://github.com/fabiospampinato/atomically"
"available-typed-arrays@1.0.5","MIT","https://github.com/inspect-js/available-typed-arrays"
"aws-sign2@0.7.0","Apache-2.0","https://github.com/mikeal/aws-sign"
"aws4@1.12.0","MIT","https://github.com/mhart/aws4"
"axios@0.26.1","MIT","https://github.com/axios/axios"
"axios@1.2.4","MIT","https://github.com/axios/axios"
"babel-plugin-polyfill-corejs2@0.3.3","MIT","https://github.com/babel/babel-polyfills"
"babel-plugin-polyfill-corejs3@0.6.0","MIT","https://github.com/babel/babel-polyfills"
"babel-plugin-polyfill-regenerator@0.4.1","MIT","https://github.com/babel/babel-polyfills"
"backoff@2.5.0","MIT","https://github.com/MathieuTurcotte/node-backoff"
"balanced-match@1.0.2","MIT","https://github.com/juliangruber/balanced-match"
"base-x@3.0.9","MIT","https://github.com/cryptocoinjs/base-x"
"base64-js@1.5.1","MIT","https://github.com/beatgammit/base64-js"
"bcrypt-pbkdf@1.0.2","BSD-3-Clause","https://github.com/joyent/node-bcrypt-pbkdf"
"bech32@1.1.4","MIT","https://github.com/bitcoinjs/bech32"
"big-integer@1.6.36","Unlicense","https://github.com/peterolson/BigInteger.js"
"big.js@6.2.1","MIT","https://github.com/MikeMcl/big.js"
"bignumber.js@7.2.1","MIT","https://github.com/MikeMcl/bignumber.js"
"bignumber.js@9.1.1","MIT","https://github.com/MikeMcl/bignumber.js"
"binary-extensions@2.2.0","MIT","https://github.com/sindresorhus/binary-extensions"
"blakejs@1.2.1","MIT","https://github.com/dcposch/blakejs"
"bluebird@3.7.2","MIT","https://github.com/petkaantonov/bluebird"
"bn.js@4.11.6","MIT","https://github.com/indutny/bn.js"
"bn.js@4.12.0","MIT","https://github.com/indutny/bn.js"
"bn.js@5.2.1","MIT","https://github.com/indutny/bn.js"
"body-parser@1.20.1","MIT","https://github.com/expressjs/body-parser"
"body-parser@1.20.2","MIT","https://github.com/expressjs/body-parser"
"boolbase@1.0.0","ISC","https://github.com/fb55/boolbase"
"brace-expansion@1.1.11","MIT","https://github.com/juliangruber/brace-expansion"
"brace-expansion@2.0.1","MIT","https://github.com/juliangruber/brace-expansion"
"braces@3.0.2","MIT","https://github.com/micromatch/braces"
"brorand@1.1.0","MIT","https://github.com/indutny/brorand"
"browser-stdout@1.3.1","ISC","https://github.com/kumavis/browser-stdout"
"browserify-aes@1.2.0","MIT","https://github.com/crypto-browserify/browserify-aes"
"browserslist@4.21.5","MIT","https://github.com/browserslist/browserslist"
"bs58@4.0.1","MIT","https://github.com/cryptocoinjs/bs58"
"bs58check@2.1.2","MIT","https://github.com/bitcoinjs/bs58check"
"btoa@1.2.1","(MIT OR Apache-2.0)","git://git.coolaj86.com/coolaj86/btoa.js"
"buffer-from@1.1.2","MIT","https://github.com/LinusU/buffer-from"
"buffer-to-arraybuffer@0.0.5","MIT","https://github.com/miguelmota/buffer-to-arraybuffer"
"buffer-xor@1.0.3","MIT","https://github.com/crypto-browserify/buffer-xor"
"buffer@5.7.1","MIT","https://github.com/feross/buffer"
"buffer@6.0.3","MIT","https://github.com/feross/buffer"
"bufferutil@4.0.7","MIT","https://github.com/websockets/bufferutil"
"bytes@3.1.2","MIT","https://github.com/visionmedia/bytes.js"
"cacheable-lookup@5.0.4","MIT","https://github.com/szmarczak/cacheable-lookup"
"cacheable-lookup@6.1.0","MIT","https://github.com/szmarczak/cacheable-lookup"
"cacheable-request@7.0.2","MIT","https://github.com/lukechilds/cacheable-request"
"call-bind@1.0.2","MIT","https://github.com/ljharb/call-bind"
"callsites@3.1.0","MIT","https://github.com/sindresorhus/callsites"
"camel-case@3.0.0","MIT","https://github.com/blakeembrey/camel-case"
"camelcase@3.0.0","MIT","https://github.com/sindresorhus/camelcase"
"camelcase@4.1.0","MIT","https://github.com/sindresorhus/camelcase"
"camelcase@5.3.1","MIT","https://github.com/sindresorhus/camelcase"
"camelcase@6.3.0","MIT","https://github.com/sindresorhus/camelcase"
"caniuse-lite@1.0.30001457","CC-BY-4.0","https://github.com/browserslist/caniuse-lite"
"caseless@0.12.0","Apache-2.0","https://github.com/mikeal/caseless"
"catering@2.1.0","MIT","https://github.com/vweevers/catering"
"catering@2.1.1","MIT","https://github.com/vweevers/catering"
"cbor@5.2.0","MIT","https://github.com/hildjj/node-cbor"
"chai-bn@0.2.2","MIT","https://github.com/ZeppelinSolutions/chai-bn"
"chai@4.3.7","MIT","https://github.com/chaijs/chai"
"chalk@2.4.2","MIT","https://github.com/chalk/chalk"
"chalk@4.1.2","MIT","https://github.com/chalk/chalk"
"change-case@3.0.2","MIT","https://github.com/blakeembrey/change-case"
"check-error@1.0.2","MIT","https://github.com/chaijs/check-error"
"checkpoint-store@1.1.0","ISC","https://github.com/kumavis/checkpoint-store"
"cheerio-select@2.1.0","BSD-2-Clause","https://github.com/cheeriojs/cheerio-select"
"cheerio@1.0.0-rc.12","MIT","https://github.com/cheeriojs/cheerio"
"chokidar@3.5.3","MIT","https://github.com/paulmillr/chokidar"
"chownr@1.1.4","ISC","https://github.com/isaacs/chownr"
"cids@0.7.5","MIT","https://github.com/multiformats/js-cid"
"cipher-base@1.0.4","MIT","https://github.com/crypto-browserify/cipher-base"
"circular@1.0.5","MIT","https://github.com/freeformsystems/circular"
"class-is@1.1.0","MIT","https://github.com/moxystudio/js-class-is"
"clean-stack@2.2.0","MIT","https://github.com/sindresorhus/clean-stack"
"cli-cursor@3.1.0","MIT","https://github.com/sindresorhus/cli-cursor"
"cli-logger@0.5.40","MIT","https://github.com/freeformsystems/cli-logger"
"cli-regexp@0.1.2","MIT","https://github.com/freeformsystems/cli-regexp"
"cli-table@0.3.11","UNKNOWN","https://github.com/Automattic/cli-table"
"cli-truncate@2.1.0","MIT","https://github.com/sindresorhus/cli-truncate"
"cli-truncate@3.1.0","MIT","https://github.com/sindresorhus/cli-truncate"
"cli-util@1.1.27","MIT","https://github.com/freeformsystems/cli-util"
"cliui@3.2.0","ISC","https://github.com/yargs/cliui"
"cliui@6.0.0","ISC","https://github.com/yargs/cliui"
"cliui@7.0.4","ISC","https://github.com/yargs/cliui"
"clone-buffer@1.0.0","MIT","https://github.com/gulpjs/clone-buffer"
"clone-response@1.0.3","MIT","https://github.com/sindresorhus/clone-response"
"clone@2.1.2","MIT","https://github.com/pvorb/node-clone"
"code-point-at@1.1.0","MIT","https://github.com/sindresorhus/code-point-at"
"color-convert@1.9.3","MIT","https://github.com/Qix-/color-convert"
"color-convert@2.0.1","MIT","https://github.com/Qix-/color-convert"
"color-name@1.1.3","MIT","https://github.com/dfcreative/color-name"
"color-name@1.1.4","MIT","https://github.com/colorjs/color-name"
"colorette@2.0.19","MIT","https://github.com/jorgebucaran/colorette"
"colors@1.0.3","MIT","https://github.com/Marak/colors.js"
"colors@1.4.0","MIT","https://github.com/Marak/colors.js"
"combined-stream@1.0.8","MIT","https://github.com/felixge/node-combined-stream"
"commander@10.0.0","MIT","https://github.com/tj/commander.js"
"commander@2.20.3","MIT","https://github.com/tj/commander.js"
"commander@9.5.0","MIT","https://github.com/tj/commander.js"
"concat-map@0.0.1","MIT","https://github.com/substack/node-concat-map"
"conf@10.2.0","MIT","https://github.com/sindresorhus/conf"
"constant-case@2.0.0","MIT","https://github.com/blakeembrey/constant-case"
"content-disposition@0.5.4","MIT","https://github.com/jshttp/content-disposition"
"content-hash@2.5.2","ISC","https://github.com/pldespaigne/content-hash"
"content-type@1.0.5","MIT","https://github.com/jshttp/content-type"
"convert-source-map@1.9.0","MIT","https://github.com/thlorenz/convert-source-map"
"cookie-signature@1.0.6","MIT","https://github.com/visionmedia/node-cookie-signature"
"cookie@0.5.0","MIT","https://github.com/jshttp/cookie"
"core-js-compat@3.28.0","MIT","https://github.com/zloirock/core-js"
"core-util-is@1.0.2","MIT","https://github.com/isaacs/core-util-is"
"cors@2.8.5","MIT","https://github.com/expressjs/cors"
"cosmiconfig@8.0.0","MIT","https://github.com/davidtheclark/cosmiconfig"
"crc-32@1.2.2","Apache-2.0","https://github.com/SheetJS/js-crc32"
"create-hash@1.2.0","MIT","https://github.com/crypto-browserify/createHash"
"create-hmac@1.1.7","MIT","https://github.com/crypto-browserify/createHmac"
"cross-fetch@2.2.6","MIT","https://github.com/lquixada/cross-fetch"
"cross-fetch@3.1.5","MIT","https://github.com/lquixada/cross-fetch"
"cross-spawn@7.0.3","MIT","https://github.com/moxystudio/node-cross-spawn"
"crypto-addr-codec@0.1.7","MIT","https://github.com/jay-dee7/crypto-addr-serialize"
"css-select@5.1.0","BSD-2-Clause","https://github.com/fb55/css-select"
"css-what@6.1.0","BSD-2-Clause","https://github.com/fb55/css-what"
"cssfilter@0.0.10","MIT","https://github.com/leizongmin/js-css-filter"
"d@1.0.1","ISC","https://github.com/medikoo/d"
"dashdash@1.14.1","MIT","https://github.com/trentm/node-dashdash"
"dataloader@2.1.0","MIT","https://github.com/graphql/dataloader"
"debounce-fn@4.0.0","MIT","https://github.com/sindresorhus/debounce-fn"
"debug@2.6.9","MIT","https://github.com/visionmedia/debug"
"debug@3.1.0","MIT","https://github.com/visionmedia/debug"
"debug@3.2.7","MIT","https://github.com/visionmedia/debug"
"debug@4.3.4","MIT","https://github.com/debug-js/debug"
"debuglog@1.0.1","MIT","https://github.com/sam-github/node-debuglog"
"decamelize@1.2.0","MIT","https://github.com/sindresorhus/decamelize"
"decamelize@4.0.0","MIT","https://github.com/sindresorhus/decamelize"
"decode-uri-component@0.2.2","MIT","https://github.com/SamVerschueren/decode-uri-component"
"decompress-response@3.3.0","MIT","https://github.com/sindresorhus/decompress-response"
"decompress-response@6.0.0","MIT","https://github.com/sindresorhus/decompress-response"
"deep-eql@4.1.3","MIT","https://github.com/chaijs/deep-eql"
"deep-is@0.1.4","MIT","https://github.com/thlorenz/deep-is"
"defer-to-connect@2.0.1","MIT","https://github.com/szmarczak/defer-to-connect"
"deferred-leveldown@1.2.2","MIT","https://github.com/Level/deferred-leveldown"
"deferred-leveldown@5.3.0","MIT","https://github.com/Level/deferred-leveldown"
"delay@5.0.0","MIT","https://github.com/sindresorhus/delay"
"delayed-stream@1.0.0","MIT","https://github.com/felixge/node-delayed-stream"
"depd@2.0.0","MIT","https://github.com/dougwilson/nodejs-depd"
"destroy@1.2.0","MIT","https://github.com/stream-utils/destroy"
"detect-indent@5.0.0","MIT","https://github.com/sindresorhus/detect-indent"
"dezalgo@1.0.4","ISC","https://github.com/npm/dezalgo"
"diff@5.0.0","BSD-3-Clause","https://github.com/kpdecker/jsdiff"
"doctrine@3.0.0","Apache-2.0","https://github.com/eslint/doctrine"
"dom-serializer@2.0.0","MIT","https://github.com/cheeriojs/dom-serializer"
"dom-walk@0.1.2","MIT","https://github.com/Raynos/dom-walk"
"domelementtype@2.3.0","BSD-2-Clause","https://github.com/fb55/domelementtype"
"domhandler@5.0.3","BSD-2-Clause","https://github.com/fb55/domhandler"
"domutils@3.0.1","BSD-2-Clause","https://github.com/fb55/domutils"
"dot-case@2.1.1","MIT","https://github.com/blakeembrey/dot-case"
"dot-prop@6.0.1","MIT","https://github.com/sindresorhus/dot-prop"
"dot-properties@1.0.1","MIT","https://github.com/eemeli/dot-properties"
"dotenv@16.0.3","BSD-2-Clause","https://github.com/motdotla/dotenv"
"double-ended-queue@2.1.0-0","MIT","https://github.com/petkaantonov/deque"
"eastasianwidth@0.2.0","MIT","https://github.com/komagata/eastasianwidth"
"ecc-jsbn@0.1.2","MIT","https://github.com/quartzjer/ecc-jsbn"
"ee-first@1.1.1","MIT","https://github.com/jonathanong/ee-first"
"electron-to-chromium@1.4.308","ISC","https://github.com/kilian/electron-to-chromium"
"elliptic@6.5.4","MIT","https://github.com/indutny/elliptic"
"emittery@0.10.0","MIT","https://github.com/sindresorhus/emittery"
"emittery@0.4.1","MIT","https://github.com/sindresorhus/emittery"
"emoji-regex@8.0.0","MIT","https://github.com/mathiasbynens/emoji-regex"
"emoji-regex@9.2.2","MIT","https://github.com/mathiasbynens/emoji-regex"
"encodeurl@1.0.2","MIT","https://github.com/pillarjs/encodeurl"
"encoding-down@6.3.0","MIT","https://github.com/Level/encoding-down"
"end-of-stream@1.4.4","MIT","https://github.com/mafintosh/end-of-stream"
"end-stream@0.1.0","MIT","https://github.com/Raynos/end-stream"
"entities@4.4.0","BSD-2-Clause","https://github.com/fb55/entities"
"env-paths@2.2.1","MIT","https://github.com/sindresorhus/env-paths"
"errno@0.1.8","MIT","https://github.com/rvagg/node-errno"
"error-ex@1.3.2","MIT","https://github.com/qix-/node-error-ex"
"es5-ext@0.10.62","ISC","https://github.com/medikoo/es5-ext"
"es6-iterator@2.0.3","MIT","https://github.com/medikoo/es6-iterator"
"es6-promise@4.2.8","MIT","https://github.com/stefanpenner/es6-promise"
"es6-symbol@3.1.3","ISC","https://github.com/medikoo/es6-symbol"
"escalade@3.1.1","MIT","https://github.com/lukeed/escalade"
"escape-html@1.0.3","MIT","https://github.com/component/escape-html"
"escape-string-regexp@1.0.5","MIT","https://github.com/sindresorhus/escape-string-regexp"
"escape-string-regexp@4.0.0","MIT","https://github.com/sindresorhus/escape-string-regexp"
"eslint-config-prettier@8.6.0","MIT","https://github.com/prettier/eslint-config-prettier"
"eslint-plugin-license-header@0.6.0","MIT","https://github.com/nikku/eslint-plugin-license-header"
"eslint-plugin-prettier@4.2.1","MIT","https://github.com/prettier/eslint-plugin-prettier"
"eslint-scope@7.1.1","BSD-2-Clause","https://github.com/eslint/eslint-scope"
"eslint-utils@3.0.0","MIT","https://github.com/mysticatea/eslint-utils"
"eslint-visitor-keys@2.1.0","Apache-2.0","https://github.com/eslint/eslint-visitor-keys"
"eslint-visitor-keys@3.3.0","Apache-2.0","https://github.com/eslint/eslint-visitor-keys"
"eslint@8.34.0","MIT","https://github.com/eslint/eslint"
"espree@9.4.1","BSD-2-Clause","https://github.com/eslint/espree"
"esquery@1.4.2","BSD-3-Clause","https://github.com/estools/esquery"
"esrecurse@4.3.0","BSD-2-Clause","https://github.com/estools/esrecurse"
"estraverse@5.3.0","BSD-2-Clause","https://github.com/estools/estraverse"
"esutils@2.0.3","BSD-2-Clause","https://github.com/estools/esutils"
"etag@1.8.1","MIT","https://github.com/jshttp/etag"
"eth-block-tracker@4.4.3","MIT","https://github.com/kumavis/eth-block-tracker"
"eth-ens-namehash@2.0.8","ISC","https://github.com/danfinlay/eth-ens-namehash"
"eth-json-rpc-filters@4.2.2","ISC","https://github.com/MetaMask/eth-json-rpc-filters"
"eth-json-rpc-infura@5.1.0","ISC","https://github.com/MetaMask/eth-json-rpc-infura"
"eth-json-rpc-middleware@6.0.0","ISC","https://github.com/kumavis/eth-json-rpc-middleware"
"eth-lib@0.1.29","MIT","https://github.com/maiavictor/eth-lib"
"eth-lib@0.2.8","MIT","https://github.com/maiavictor/eth-lib"
"eth-query@2.1.2","ISC","https://github.com/ethereumjs/eth-query"
"eth-rpc-errors@3.0.0","MIT","https://github.com/MetaMask/eth-rpc-errors"
"eth-rpc-errors@4.0.3","MIT","https://github.com/MetaMask/eth-rpc-errors"
"eth-sig-util@1.4.2","ISC","https://github.com/flyswatter/eth-sig-util"
"ethereum-bloom-filters@1.0.10","MIT","https://github.com/joshstevens19/ethereum-bloom-filters"
"ethereum-common@0.0.18","MIT","https://github.com/ethereumjs/common"
"ethereum-common@0.2.0","MIT","https://github.com/ethereumjs/common"
"ethereum-cryptography@0.1.3","MIT","https://github.com/ethereum/js-ethereum-cryptography"
"ethereum-cryptography@1.1.2","MIT","https://github.com/ethereum/js-ethereum-cryptography"
"ethereum-protocol@1.0.1","MIT",""
"ethereumjs-abi@0.6.8","MIT","https://github.com/axic/ethereumjs-abi"
"ethereumjs-account@2.0.5","MPL-2.0","https://github.com/ethereumjs/ethereumjs-account"
"ethereumjs-block@1.7.1","MPL-2.0","https://github.com/ethereumjs/ethereumjs-block"
"ethereumjs-block@2.2.2","MPL-2.0","https://github.com/ethereumjs/ethereumjs-block"
"ethereumjs-common@1.5.2","MIT","https://github.com/ethereumjs/ethereumjs-common"
"ethereumjs-tx@1.3.7","MPL-2.0","https://github.com/ethereumjs/ethereumjs-tx"
"ethereumjs-tx@2.1.2","MPL-2.0","https://github.com/ethereumjs/ethereumjs-tx"
"ethereumjs-util@5.2.1","MPL-2.0","https://github.com/ethereumjs/ethereumjs-util"
"ethereumjs-util@6.2.1","MPL-2.0","https://github.com/ethereumjs/ethereumjs-util"
"ethereumjs-util@7.1.5","MPL-2.0","https://github.com/ethereumjs/ethereumjs-monorepo"
"ethereumjs-vm@2.6.0","MPL-2.0","https://github.com/ethereumjs/ethereumjs-vm"
"ethers@4.0.49","MIT","https://github.com/ethers-io/ethers.js"
"ethers@5.7.2","MIT","https://github.com/ethers-io/ethers.js"
"ethjs-abi@0.2.1","MIT","https://github.com/ethjs/ethjs-abi"
"ethjs-unit@0.1.6","MIT","https://github.com/ethjs/ethjs-unit"
"ethjs-util@0.1.6","MIT","https://github.com/ethjs/ethjs-util"
"event-target-shim@5.0.1","MIT","https://github.com/mysticatea/event-target-shim"
"eventemitter3@4.0.4","MIT","https://github.com/primus/eventemitter3"
"events@3.3.0","MIT","https://github.com/Gozala/events"
"evp_bytestokey@1.0.3","MIT","https://github.com/crypto-browserify/EVP_BytesToKey"
"execa@6.1.0","MIT","https://github.com/sindresorhus/execa"
"express@4.18.2","MIT","https://github.com/expressjs/express"
"ext@1.7.0","ISC","https://github.com/medikoo/es5-ext.git#ext"
"extend@3.0.2","MIT","https://github.com/justmoon/node-extend"
"extsprintf@1.3.0","MIT","https://github.com/davepacheco/node-extsprintf"
"fake-merkle-patricia-tree@1.0.1","ISC","https://github.com/kumavis/fake-merkle-patricia-tree"
"fast-check@3.1.1","MIT","https://github.com/dubzzz/fast-check"
"fast-deep-equal@3.1.3","MIT","https://github.com/epoberezkin/fast-deep-equal"
"fast-diff@1.2.0","Apache-2.0","https://github.com/jhchen/fast-diff"
"fast-json-stable-stringify@2.1.0","MIT","https://github.com/epoberezkin/fast-json-stable-stringify"
"fast-levenshtein@2.0.6","MIT","https://github.com/hiddentao/fast-levenshtein"
"fast-safe-stringify@2.1.1","MIT","https://github.com/davidmarkclements/fast-safe-stringify"
"fastq@1.15.0","ISC","https://github.com/mcollina/fastq"
"fetch-cookie@0.11.0","Unlicense","https://github.com/valeriangalliat/fetch-cookie"
"file-entry-cache@6.0.1","MIT","https://github.com/royriojas/file-entry-cache"
"fill-range@7.0.1","MIT","https://github.com/jonschlinkert/fill-range"
"finalhandler@1.2.0","MIT","https://github.com/pillarjs/finalhandler"
"find-up@1.1.2","MIT","https://github.com/sindresorhus/find-up"
"find-up@2.1.0","MIT","https://github.com/sindresorhus/find-up"
"find-up@3.0.0","MIT","https://github.com/sindresorhus/find-up"
"find-up@4.1.0","MIT","https://github.com/sindresorhus/find-up"
"find-up@5.0.0","MIT","https://github.com/sindresorhus/find-up"
"flat-cache@3.0.4","MIT","https://github.com/royriojas/flat-cache"
"flat@5.0.2","BSD-3-Clause","https://github.com/hughsk/flat"
"flatted@3.2.7","ISC","https://github.com/WebReflection/flatted"
"follow-redirects@1.15.2","MIT","https://github.com/follow-redirects/follow-redirects"
"for-each@0.3.3","MIT","https://github.com/Raynos/for-each"
"foreach@2.0.6","MIT","https://github.com/manuelstofer/foreach"
"forever-agent@0.6.1","Apache-2.0","https://github.com/mikeal/forever-agent"
"form-data-encoder@1.7.1","MIT","https://github.com/octet-stream/form-data-encoder"
"form-data@2.3.3","MIT","https://github.com/form-data/form-data"
"form-data@4.0.0","MIT","https://github.com/form-data/form-data"
"forwarded@0.2.0","MIT","https://github.com/jshttp/forwarded"
"fresh@0.5.2","MIT","https://github.com/jshttp/fresh"
"fs-extra@0.30.0","MIT","https://github.com/jprichardson/node-fs-extra"
"fs-extra@4.0.3","MIT","https://github.com/jprichardson/node-fs-extra"
"fs-extra@8.1.0","MIT","https://github.com/jprichardson/node-fs-extra"
"fs-extra@9.1.0","MIT","https://github.com/jprichardson/node-fs-extra"
"fs-minipass@1.2.7","ISC","https://github.com/npm/fs-minipass"
"fs.realpath@1.0.0","ISC","https://github.com/isaacs/fs.realpath"
"function-bind@1.1.1","MIT","https://github.com/Raynos/function-bind"
"functional-red-black-tree@1.0.1","MIT","https://github.com/mikolalysenko/functional-red-black-tree"
"ganache@7.7.5","MIT","https://github.com/trufflesuite/ganache"
"gensync@1.0.0-beta.2","MIT","https://github.com/loganfsmyth/gensync"
"get-caller-file@1.0.3","ISC","https://github.com/stefanpenner/get-caller-file"
"get-caller-file@2.0.5","ISC","https://github.com/stefanpenner/get-caller-file"
"get-func-name@2.0.0","MIT","https://github.com/chaijs/get-func-name"
"get-intrinsic@1.2.0","MIT","https://github.com/ljharb/get-intrinsic"
"get-stream@5.2.0","MIT","https://github.com/sindresorhus/get-stream"
"get-stream@6.0.1","MIT","https://github.com/sindresorhus/get-stream"
"getpass@0.1.7","MIT","https://github.com/arekinath/node-getpass"
"glob-parent@5.1.2","ISC","https://github.com/gulpjs/glob-parent"
"glob-parent@6.0.2","ISC","https://github.com/gulpjs/glob-parent"
"glob@7.2.0","ISC","https://github.com/isaacs/node-glob"
"glob@7.2.3","ISC","https://github.com/isaacs/node-glob"
"glob@8.1.0","ISC","https://github.com/isaacs/node-glob"
"global@4.4.0","MIT","https://github.com/Raynos/global"
"globals@11.12.0","MIT","https://github.com/sindresorhus/globals"
"globals@13.20.0","MIT","https://github.com/sindresorhus/globals"
"gopd@1.0.1","MIT","https://github.com/ljharb/gopd"
"got@11.8.6","MIT","https://github.com/sindresorhus/got"
"got@12.1.0","MIT","https://github.com/sindresorhus/got"
"graceful-fs@4.2.10","ISC","https://github.com/isaacs/node-graceful-fs"
"grapheme-splitter@1.0.4","MIT","https://github.com/orling/grapheme-splitter"
"graphql-tag@2.12.6","MIT","https://github.com/apollographql/graphql-tag"
"graphql@15.8.0","MIT","https://github.com/graphql/graphql-js"
"har-schema@2.0.0","ISC","https://github.com/ahmadnassri/har-schema"
"har-validator@5.1.5","MIT","https://github.com/ahmadnassri/node-har-validator"
"has-flag@3.0.0","MIT","https://github.com/sindresorhus/has-flag"
"has-flag@4.0.0","MIT","https://github.com/sindresorhus/has-flag"
"has-symbols@1.0.3","MIT","https://github.com/inspect-js/has-symbols"
"has-tostringtag@1.0.0","MIT","https://github.com/inspect-js/has-tostringtag"
"has@1.0.3","MIT","https://github.com/tarruda/has"
"hash-base@3.1.0","MIT","https://github.com/crypto-browserify/hash-base"
"hash.js@1.1.3","MIT","https://github.com/indutny/hash.js"
"hash.js@1.1.7","MIT","https://github.com/indutny/hash.js"
"he@1.2.0","MIT","https://github.com/mathiasbynens/he"
"header-case@1.0.1","MIT","https://github.com/blakeembrey/header-case"
"highlight.js@10.7.3","BSD-3-Clause","https://github.com/highlightjs/highlight.js"
"highlightjs-solidity@2.0.6","MIT","https://github.com/pospi/highlightjs-solidity"
"hmac-drbg@1.0.1","MIT","https://github.com/indutny/hmac-drbg"
"hosted-git-info@2.8.9","ISC","https://github.com/npm/hosted-git-info"
"htmlparser2@8.0.1","MIT","https://github.com/fb55/htmlparser2"
"http-cache-semantics@4.1.1","BSD-2-Clause","https://github.com/kornelski/http-cache-semantics"
"http-errors@2.0.0","MIT","https://github.com/jshttp/http-errors"
"http-https@1.0.0","ISC","https://github.com/isaacs/http-https"
"http-signature@1.2.0","MIT","https://github.com/joyent/node-http-signature"
"http2-wrapper@1.0.3","MIT","https://github.com/szmarczak/http2-wrapper"
"http2-wrapper@2.2.0","MIT","https://github.com/szmarczak/http2-wrapper"
"human-signals@3.0.1","Apache-2.0","https://github.com/ehmicky/human-signals"
"husky@8.0.3","MIT","https://github.com/typicode/husky"
"iconv-lite@0.4.24","MIT","https://github.com/ashtuchkin/iconv-lite"
"idna-uts46-hx@2.3.1","MIT","https://github.com/hexonet/idna-uts46"
"ieee754@1.2.1","BSD-3-Clause","https://github.com/feross/ieee754"
"ignore@5.2.4","MIT","https://github.com/kaelzhang/node-ignore"
"immediate@3.3.0","MIT","https://github.com/calvinmetcalf/immediate"
"import-fresh@3.3.0","MIT","https://github.com/sindresorhus/import-fresh"
"imurmurhash@0.1.4","MIT","https://github.com/jensyt/imurmurhash-js"
"indent-string@4.0.0","MIT","https://github.com/sindresorhus/indent-string"
"inflight@1.0.6","ISC","https://github.com/npm/inflight"
"inherits@2.0.4","ISC","https://github.com/isaacs/inherits"
"invert-kv@1.0.0","MIT","https://github.com/sindresorhus/invert-kv"
"ipaddr.js@1.9.1","MIT","https://github.com/whitequark/ipaddr.js"
"is-arguments@1.1.1","MIT","https://github.com/inspect-js/is-arguments"
"is-arrayish@0.2.1","MIT","https://github.com/qix-/node-is-arrayish"
"is-binary-path@2.1.0","MIT","https://github.com/sindresorhus/is-binary-path"
"is-buffer@2.0.5","MIT","https://github.com/feross/is-buffer"
"is-callable@1.2.7","MIT","https://github.com/inspect-js/is-callable"
"is-core-module@2.11.0","MIT","https://github.com/inspect-js/is-core-module"
"is-extglob@2.1.1","MIT","https://github.com/jonschlinkert/is-extglob"
"is-fn@1.0.0","MIT","https://github.com/sindresorhus/is-fn"
"is-fullwidth-code-point@1.0.0","MIT","https://github.com/sindresorhus/is-fullwidth-code-point"
"is-fullwidth-code-point@3.0.0","MIT","https://github.com/sindresorhus/is-fullwidth-code-point"
"is-fullwidth-code-point@4.0.0","MIT","https://github.com/sindresorhus/is-fullwidth-code-point"
"is-function@1.0.2","MIT","https://github.com/grncdr/js-is-function"
"is-generator-function@1.0.10","MIT","https://github.com/inspect-js/is-generator-function"
"is-glob@4.0.3","MIT","https://github.com/micromatch/is-glob"
"is-hex-prefixed@1.0.0","MIT","https://github.com/SilentCicero/is-hex-prefixed"
"is-lower-case@1.1.3","MIT","https://github.com/blakeembrey/is-lower-case"
"is-number@7.0.0","MIT","https://github.com/jonschlinkert/is-number"
"is-obj@2.0.0","MIT","https://github.com/sindresorhus/is-obj"
"is-path-inside@3.0.3","MIT","https://github.com/sindresorhus/is-path-inside"
"is-plain-obj@2.1.0","MIT","https://github.com/sindresorhus/is-plain-obj"
"is-stream@3.0.0","MIT","https://github.com/sindresorhus/is-stream"
"is-typed-array@1.1.10","MIT","https://github.com/inspect-js/is-typed-array"
"is-typedarray@1.0.0","MIT","https://github.com/hughsk/is-typedarray"
"is-unicode-supported@0.1.0","MIT","https://github.com/sindresorhus/is-unicode-supported"
"is-upper-case@1.1.2","MIT","https://github.com/blakeembrey/is-upper-case"
"is-utf8@0.2.1","MIT","https://github.com/wayfind/is-utf8"
"isarray@0.0.1","MIT","https://github.com/juliangruber/isarray"
"isarray@1.0.0","MIT","https://github.com/juliangruber/isarray"
"isexe@2.0.0","ISC","https://github.com/isaacs/isexe"
"isomorphic-ws@4.0.1","MIT","https://github.com/heineiuo/isomorphic-ws"
"isstream@0.1.2","MIT","https://github.com/rvagg/isstream"
"js-sdsl@4.3.0","MIT","https://github.com/js-sdsl/js-sdsl"
"js-sha3@0.5.5","MIT","https://github.com/emn178/js-sha3"
"js-sha3@0.5.7","MIT","https://github.com/emn178/js-sha3"
"js-sha3@0.8.0","MIT","https://github.com/emn178/js-sha3"
"js-tokens@4.0.0","MIT","https://github.com/lydell/js-tokens"
"js-yaml@4.1.0","MIT","https://github.com/nodeca/js-yaml"
"jsbn@0.1.1","MIT","https://github.com/andyperlitch/jsbn"
"jsesc@2.5.2","MIT","https://github.com/mathiasbynens/jsesc"
"json-buffer@3.0.1","MIT","https://github.com/dominictarr/json-buffer"
"json-parse-even-better-errors@2.3.1","MIT","https://github.com/npm/json-parse-even-better-errors"
"json-pointer@0.6.2","MIT","https://github.com/manuelstofer/json-pointer"
"json-rpc-engine@5.4.0","ISC","https://github.com/MetaMask/json-rpc-engine"
"json-rpc-engine@6.1.0","ISC","https://github.com/MetaMask/json-rpc-engine"
"json-rpc-random-id@1.0.1","ISC","https://github.com/kumavis/json-rpc-random-id"
"json-schema-traverse@0.4.1","MIT","https://github.com/epoberezkin/json-schema-traverse"
"json-schema-traverse@1.0.0","MIT","https://github.com/epoberezkin/json-schema-traverse"
"json-schema-typed@7.0.3","BSD-2-Clause","https://github.com/typeslick/json-schema-typed"
"json-schema@0.4.0","(AFL-2.1 OR BSD-3-Clause)","https://github.com/kriszyp/json-schema"
"json-stable-stringify-without-jsonify@1.0.1","MIT","https://github.com/samn/json-stable-stringify"
"json-stable-stringify@1.0.2","MIT","https://github.com/ljharb/json-stable-stringify"
"json-stringify-safe@5.0.1","ISC","https://github.com/isaacs/json-stringify-safe"
"json5@2.2.3","MIT","https://github.com/json5/json5"
"jsonfile@2.4.0","MIT","https://github.com/jprichardson/node-jsonfile"
"jsonfile@4.0.0","MIT","https://github.com/jprichardson/node-jsonfile"
"jsonfile@6.1.0","MIT","https://github.com/jprichardson/node-jsonfile"
"jsonify@0.0.1","Public Domain","https://github.com/ljharb/jsonify"
"jsprim@1.4.2","MIT","https://github.com/joyent/node-jsprim"
"keccak@3.0.2","MIT","https://github.com/cryptocoinjs/keccak"
"keyv@4.5.2","MIT","https://github.com/jaredwray/keyv"
"klaw@1.3.1","MIT","https://github.com/jprichardson/node-klaw"
"lcid@1.0.0","MIT","https://github.com/sindresorhus/lcid"
"level-codec@7.0.1","MIT","https://github.com/Level/codec"
"level-codec@9.0.2","MIT","https://github.com/Level/codec"
"level-concat-iterator@2.0.1","MIT","https://github.com/Level/concat-iterator"
"level-concat-iterator@3.1.0","MIT","https://github.com/Level/concat-iterator"
"level-errors@1.0.5","MIT","https://github.com/level/errors"
"level-errors@2.0.1","MIT","https://github.com/Level/errors"
"level-iterator-stream@1.3.1","MIT","https://github.com/Level/iterator-stream"
"level-iterator-stream@4.0.2","MIT","https://github.com/Level/iterator-stream"
"level-js@5.0.2","MIT","https://github.com/Level/level-js"
"level-packager@5.1.1","MIT","https://github.com/Level/packager"
"level-supports@1.0.1","MIT","https://github.com/Level/supports"
"level-supports@2.1.0","MIT","https://github.com/Level/supports"
"level-supports@4.0.1","MIT","https://github.com/Level/supports"
"level-transcoder@1.0.1","MIT","https://github.com/Level/transcoder"
"level-write-stream@1.0.0","MIT","https://github.com/Raynos/level-write-stream"
"level-ws@0.0.0","MIT","https://github.com/Level/level-ws"
"level@6.0.1","MIT","https://github.com/Level/level"
"leveldown@5.6.0","MIT","https://github.com/Level/leveldown"
"leveldown@6.1.0","MIT","https://github.com/Level/leveldown"
"levelup@1.3.9","MIT","https://github.com/level/levelup"
"levelup@4.4.0","MIT","https://github.com/Level/levelup"
"levn@0.4.1","MIT","https://github.com/gkz/levn"
"license-checker@25.0.1","BSD-3-Clause","https://github.com/davglass/license-checker"
"lilconfig@2.0.6","MIT","https://github.com/antonk52/lilconfig"
"lines-and-columns@1.2.4","MIT","https://github.com/eventualbuddha/lines-and-columns"
"lint-staged@13.1.2","MIT","https://github.com/okonet/lint-staged"
"listr2@5.0.7","MIT","https://github.com/cenk1cenk2/listr2"
"load-json-file@1.1.0","MIT","https://github.com/sindresorhus/load-json-file"
"locate-path@2.0.0","MIT","https://github.com/sindresorhus/locate-path"
"locate-path@3.0.0","MIT","https://github.com/sindresorhus/locate-path"
"locate-path@5.0.0","MIT","https://github.com/sindresorhus/locate-path"
"locate-path@6.0.0","MIT","https://github.com/sindresorhus/locate-path"
"lodash-es@4.17.21","MIT","https://github.com/lodash/lodash"
"lodash.assign@4.2.0","MIT","https://github.com/lodash/lodash"
"lodash.debounce@4.0.8","MIT","https://github.com/lodash/lodash"
"lodash.flatten@4.4.0","MIT","https://github.com/lodash/lodash"
"lodash.merge@4.6.2","MIT","https://github.com/lodash/lodash"
"lodash.sortby@4.7.0","MIT","https://github.com/lodash/lodash"
"lodash.truncate@4.4.2","MIT","https://github.com/lodash/lodash"
"lodash@4.17.21","MIT","https://github.com/lodash/lodash"
"log-symbols@4.1.0","MIT","https://github.com/sindresorhus/log-symbols"
"log-update@4.0.0","MIT","https://github.com/sindresorhus/log-update"
"loglevel@1.8.1","MIT","https://github.com/pimterry/loglevel"
"long@4.0.0","Apache-2.0","https://github.com/dcodeIO/long.js"
"loose-envify@1.4.0","MIT","https://github.com/zertosh/loose-envify"
"loupe@2.3.6","MIT","https://github.com/chaijs/loupe"
"lower-case-first@1.0.2","MIT","https://github.com/blakeembrey/lower-case-first"
"lower-case@1.1.4","MIT","https://github.com/blakeembrey/lower-case"
"lowercase-keys@2.0.0","MIT","https://github.com/sindresorhus/lowercase-keys"
"lowercase-keys@3.0.0","MIT","https://github.com/sindresorhus/lowercase-keys"
"lru-cache@5.1.1","ISC","https://github.com/isaacs/node-lru-cache"
"lru-cache@6.0.0","ISC","https://github.com/isaacs/node-lru-cache"
"lru-cache@7.13.1","ISC","https://github.com/isaacs/node-lru-cache"
"ltgt@2.2.1","MIT","https://github.com/dominictarr/ltgt"
"md5.js@1.3.5","MIT","https://github.com/crypto-browserify/md5.js"
"media-typer@0.3.0","MIT","https://github.com/jshttp/media-typer"
"memdown@1.4.1","MIT","https://github.com/Level/memdown"
"memorystream@0.3.1","MIT","https://github.com/JSBizon/node-memorystream"
"merge-descriptors@1.0.1","MIT","https://github.com/component/merge-descriptors"
"merge-stream@2.0.0","MIT","https://github.com/grncdr/merge-stream"
"merkle-patricia-tree@2.3.2","MPL-2.0","https://github.com/ethereumjs/merkle-patricia-tree"
"methods@1.1.2","MIT","https://github.com/jshttp/methods"
"micromatch@4.0.5","MIT","https://github.com/micromatch/micromatch"
"mime-db@1.52.0","MIT","https://github.com/jshttp/mime-db"
"mime-types@2.1.35","MIT","https://github.com/jshttp/mime-types"
"mime@1.6.0","MIT","https://github.com/broofa/node-mime"
"mimic-fn@2.1.0","MIT","https://github.com/sindresorhus/mimic-fn"
"mimic-fn@3.1.0","MIT","https://github.com/sindresorhus/mimic-fn"
"mimic-fn@4.0.0","MIT","https://github.com/sindresorhus/mimic-fn"
"mimic-response@1.0.1","MIT","https://github.com/sindresorhus/mimic-response"
"mimic-response@3.1.0","MIT","https://github.com/sindresorhus/mimic-response"
"min-document@2.19.0","MIT","https://github.com/Raynos/min-document"
"minimalistic-assert@1.0.1","ISC","https://github.com/calvinmetcalf/minimalistic-assert"
"minimalistic-crypto-utils@1.0.1","MIT","https://github.com/indutny/minimalistic-crypto-utils"
"minimatch@3.1.2","ISC","https://github.com/isaacs/minimatch"
"minimatch@5.0.1","ISC","https://github.com/isaacs/minimatch"
"minimatch@5.1.6","ISC","https://github.com/isaacs/minimatch"
"minimist@1.2.8","MIT","https://github.com/minimistjs/minimist"
"minipass@2.9.0","ISC","https://github.com/isaacs/minipass"
"minizlib@1.3.3","MIT","https://github.com/isaacs/minizlib"
"mkdirp-promise@5.0.1","ISC","https://github.com/ahmadnassri/mkdirp-promise"
"mkdirp@0.5.6","MIT","https://github.com/substack/node-mkdirp"
"mocha@10.1.0","MIT","https://github.com/mochajs/mocha"
"mock-fs@4.14.0","MIT","https://github.com/tschaub/mock-fs"
"module-error@1.0.2","MIT","https://github.com/vweevers/module-error"
"ms@2.0.0","MIT","https://github.com/zeit/ms"
"ms@2.1.2","MIT","https://github.com/zeit/ms"
"ms@2.1.3","MIT","https://github.com/vercel/ms"
"multibase@0.6.1","MIT","https://github.com/multiformats/js-multibase"
"multibase@0.7.0","MIT","https://github.com/multiformats/js-multibase"
"multicodec@0.5.7","MIT","https://github.com/multiformats/js-multicodec"
"multicodec@1.0.4","MIT","https://github.com/multiformats/js-multicodec"
"multihashes@0.4.21","MIT","https://github.com/multiformats/js-multihash"
"nano-base32@1.0.1","MIT","https://github.com/temrhn/nano-base32"
"nano-json-stream-parser@0.1.2","MIT","https://github.com/maiavictor/nano-json-stream-parser"
"nanoid@3.3.3","MIT","https://github.com/ai/nanoid"
"napi-macros@2.0.0","MIT","https://github.com/mafintosh/napi-macros"
"natural-compare@1.4.0","MIT","https://github.com/litejs/natural-compare-lite"
"negotiator@0.6.3","MIT","https://github.com/jshttp/negotiator"
"next-tick@1.1.0","ISC","https://github.com/medikoo/next-tick"
"nft-folder@1.0.0","UNLICENSED","git+https://gitlab.cc-asp.fraunhofer.de/silicon-economy/base/blockchainbroker/ethereum/projects/solidity-libraries/nft-folder"
"no-case@2.3.2","MIT","https://github.com/blakeembrey/no-case"
"node-abort-controller@3.1.1","MIT","https://github.com/southpolesteve/node-abort-controller"
"node-addon-api@2.0.2","MIT","https://github.com/nodejs/node-addon-api"
"node-fetch@2.6.7","MIT","https://github.com/bitinn/node-fetch"
"node-fetch@2.6.9","MIT","https://github.com/bitinn/node-fetch"
"node-gyp-build@4.1.1","MIT","https://github.com/prebuild/node-gyp-build"
"node-gyp-build@4.3.0","MIT","https://github.com/prebuild/node-gyp-build"
"node-gyp-build@4.4.0","MIT","https://github.com/prebuild/node-gyp-build"
"node-gyp-build@4.6.0","MIT","https://github.com/prebuild/node-gyp-build"
"node-interval-tree@1.3.3","MIT","https://github.com/ShieldBattery/node-interval-tree"
"node-releases@2.0.10","MIT","https://github.com/chicoxyzzy/node-releases"
"nofilter@1.0.4","MIT","https://github.com/hildjj/nofilter"
"nopt@4.0.3","ISC","https://github.com/npm/nopt"
"normalize-package-data@2.5.0","BSD-2-Clause","https://github.com/npm/normalize-package-data"
"normalize-path@3.0.0","MIT","https://github.com/jonschlinkert/normalize-path"
"normalize-url@6.1.0","MIT","https://github.com/sindresorhus/normalize-url"
"npm-normalize-package-bin@1.0.1","ISC","https://github.com/npm/npm-normalize-package-bin"
"npm-run-path@5.1.0","MIT","https://github.com/sindresorhus/npm-run-path"
"nth-check@2.1.1","BSD-2-Clause","https://github.com/fb55/nth-check"
"number-is-nan@1.0.1","MIT","https://github.com/sindresorhus/number-is-nan"
"number-to-bn@1.7.0","MIT","https://github.com/SilentCicero/number-to-bn"
"oauth-sign@0.9.0","Apache-2.0","https://github.com/mikeal/oauth-sign"
"object-assign@4.1.1","MIT","https://github.com/sindresorhus/object-assign"
"object-inspect@1.12.3","MIT","https://github.com/inspect-js/object-inspect"
"object-keys@0.4.0","MIT","https://github.com/ljharb/object-keys"
"oboe@2.1.5","UNKNOWN","https://github.com/jimhigson/oboe.js"
"on-finished@2.4.1","MIT","https://github.com/jshttp/on-finished"
"once@1.4.0","ISC","https://github.com/isaacs/once"
"onetime@5.1.2","MIT","https://github.com/sindresorhus/onetime"
"onetime@6.0.0","MIT","https://github.com/sindresorhus/onetime"
"optionator@0.9.1","MIT","https://github.com/gkz/optionator"
"original-require@1.0.1","MIT","https://github.com/tcoulter/original-require"
"os-homedir@1.0.2","MIT","https://github.com/sindresorhus/os-homedir"
"os-locale@1.4.0","MIT","https://github.com/sindresorhus/os-locale"
"os-tmpdir@1.0.2","MIT","https://github.com/sindresorhus/os-tmpdir"
"osenv@0.1.5","ISC","https://github.com/npm/osenv"
"p-cancelable@2.1.1","MIT","https://github.com/sindresorhus/p-cancelable"
"p-cancelable@3.0.0","MIT","https://github.com/sindresorhus/p-cancelable"
"p-limit@1.3.0","MIT","https://github.com/sindresorhus/p-limit"
"p-limit@2.3.0","MIT","https://github.com/sindresorhus/p-limit"
"p-limit@3.1.0","MIT","https://github.com/sindresorhus/p-limit"
"p-locate@2.0.0","MIT","https://github.com/sindresorhus/p-locate"
"p-locate@3.0.0","MIT","https://github.com/sindresorhus/p-locate"
"p-locate@4.1.0","MIT","https://github.com/sindresorhus/p-locate"
"p-locate@5.0.0","MIT","https://github.com/sindresorhus/p-locate"
"p-map@4.0.0","MIT","https://github.com/sindresorhus/p-map"
"p-try@1.0.0","MIT","https://github.com/sindresorhus/p-try"
"p-try@2.2.0","MIT","https://github.com/sindresorhus/p-try"
"param-case@2.1.1","MIT","https://github.com/blakeembrey/param-case"
"parent-module@1.0.1","MIT","https://github.com/sindresorhus/parent-module"
"parse-headers@2.0.5","MIT","https://github.com/kesla/parse-headers"
"parse-json@2.2.0","MIT","https://github.com/sindresorhus/parse-json"
"parse-json@5.2.0","MIT","https://github.com/sindresorhus/parse-json"
"parse5-htmlparser2-tree-adapter@7.0.0","MIT","https://github.com/inikulin/parse5"
"parse5@7.1.2","MIT","https://github.com/inikulin/parse5"
"parseurl@1.3.3","MIT","https://github.com/pillarjs/parseurl"
"pascal-case@2.0.1","MIT","https://github.com/blakeembrey/pascal-case"
"path-case@2.1.1","MIT","https://github.com/blakeembrey/path-case"
"path-exists@2.1.0","MIT","https://github.com/sindresorhus/path-exists"
"path-exists@3.0.0","MIT","https://github.com/sindresorhus/path-exists"
"path-exists@4.0.0","MIT","https://github.com/sindresorhus/path-exists"
"path-is-absolute@1.0.1","MIT","https://github.com/sindresorhus/path-is-absolute"
"path-key@3.1.1","MIT","https://github.com/sindresorhus/path-key"
"path-key@4.0.0","MIT","https://github.com/sindresorhus/path-key"
"path-parse@1.0.7","MIT","https://github.com/jbgutierrez/path-parse"
"path-to-regexp@0.1.7","MIT","https://github.com/component/path-to-regexp"
"path-type@1.1.0","MIT","https://github.com/sindresorhus/path-type"
"path-type@4.0.0","MIT","https://github.com/sindresorhus/path-type"
"pathval@1.1.1","MIT","https://github.com/chaijs/pathval"
"pbkdf2@3.1.2","MIT","https://github.com/crypto-browserify/pbkdf2"
"performance-now@2.1.0","MIT","https://github.com/braveg1rl/performance-now"
"picocolors@1.0.0","ISC","https://github.com/alexeyraspopov/picocolors"
"picomatch@2.3.1","MIT","https://github.com/micromatch/picomatch"
"pidtree@0.6.0","MIT","https://github.com/simonepri/pidtree"
"pify@2.3.0","MIT","https://github.com/sindresorhus/pify"
"pify@3.0.0","MIT","https://github.com/sindresorhus/pify"
"pify@5.0.0","MIT","https://github.com/sindresorhus/pify"
"pinkie-promise@2.0.1","MIT","https://github.com/floatdrop/pinkie-promise"
"pinkie@2.0.4","MIT","https://github.com/floatdrop/pinkie"
"pkg-up@3.1.0","MIT","https://github.com/sindresorhus/pkg-up"
"pluralize@8.0.0","MIT","https://github.com/blakeembrey/pluralize"
"pouchdb-abstract-mapreduce@7.3.1","Apache-2.0","https://github.com/pouchdb/pouchdb"
"pouchdb-adapter-leveldb-core@7.3.1","Apache-2.0","https://github.com/pouchdb/pouchdb"
"pouchdb-adapter-memory@7.3.1","Apache-2.0","https://github.com/pouchdb/pouchdb"
"pouchdb-adapter-utils@7.3.1","Apache-2.0","https://github.com/pouchdb/pouchdb"
"pouchdb-binary-utils@7.3.1","Apache-2.0","https://github.com/pouchdb/pouchdb"
"pouchdb-collate@7.3.1","Apache-2.0","https://github.com/pouchdb/pouchdb"
"pouchdb-collections@7.3.1","Apache-2.0","https://github.com/pouchdb/pouchdb"
"pouchdb-debug@7.2.1","Apache-2.0","https://github.com/pouchdb/pouchdb"
"pouchdb-errors@7.3.1","Apache-2.0","https://github.com/pouchdb/pouchdb"
"pouchdb-fetch@7.3.1","Apache-2.0","https://github.com/pouchdb/pouchdb"
"pouchdb-find@7.3.1","Apache-2.0","https://github.com/pouchdb/pouchdb"
"pouchdb-json@7.3.1","Apache-2.0","https://github.com/pouchdb/pouchdb"
"pouchdb-mapreduce-utils@7.3.1","Apache-2.0","https://github.com/pouchdb/pouchdb"
"pouchdb-md5@7.3.1","Apache-2.0","https://github.com/pouchdb/pouchdb"
"pouchdb-merge@7.3.1","Apache-2.0","https://github.com/pouchdb/pouchdb"
"pouchdb-selector-core@7.3.1","Apache-2.0","https://github.com/pouchdb/pouchdb"
"pouchdb-utils@7.3.1","Apache-2.0","https://github.com/pouchdb/pouchdb"
"pouchdb@7.3.0","Apache-2.0","https://github.com/pouchdb/pouchdb"
"precond@0.2.3","UNKNOWN","https://github.com/MathieuTurcotte/node-precond"
"prelude-ls@1.2.1","MIT","https://github.com/gkz/prelude-ls"
"prettier-linter-helpers@1.0.0","MIT","https://github.com/prettier/prettier-linter-helpers"
"prettier-plugin-properties@0.2.0","MIT","https://github.com/eemeli/prettier-plugin-properties"
"prettier-plugin-solidity@1.1.2","MIT","https://github.com/prettier-solidity/prettier-plugin-solidity"
"prettier@2.8.4","MIT","https://github.com/prettier/prettier"
"process-nextick-args@2.0.1","MIT","https://github.com/calvinmetcalf/process-nextick-args"
"process@0.11.10","MIT","https://github.com/shtylman/node-process"
"promise-to-callback@1.0.0","MIT","https://github.com/stevemao/promise-to-callback"
"proxy-addr@2.0.7","MIT","https://github.com/jshttp/proxy-addr"
"proxy-from-env@1.1.0","MIT","https://github.com/Rob--W/proxy-from-env"
"prr@1.0.1","MIT","https://github.com/rvagg/prr"
"psl@1.9.0","MIT","https://github.com/lupomontero/psl"
"pump@3.0.0","MIT","https://github.com/mafintosh/pump"
"punycode@2.1.0","MIT","https://github.com/bestiejs/punycode.js"
"punycode@2.3.0","MIT","https://github.com/mathiasbynens/punycode.js"
"pure-rand@5.0.5","MIT","https://github.com/dubzzz/pure-rand"
"qs@6.11.0","BSD-3-Clause","https://github.com/ljharb/qs"
"qs@6.5.3","BSD-3-Clause","https://github.com/ljharb/qs"
"query-string@5.1.1","MIT","https://github.com/sindresorhus/query-string"
"querystring@0.2.1","MIT","https://github.com/Gozala/querystring"
"querystringify@2.2.0","MIT","https://github.com/unshiftio/querystringify"
"queue-microtask@1.2.3","MIT","https://github.com/feross/queue-microtask"
"queue-tick@1.0.0","MIT","https://github.com/mafintosh/queue-tick"
"quick-lru@5.1.1","MIT","https://github.com/sindresorhus/quick-lru"
"randombytes@2.1.0","MIT","https://github.com/crypto-browserify/randombytes"
"range-parser@1.2.1","MIT","https://github.com/jshttp/range-parser"
"raw-body@2.5.1","MIT","https://github.com/stream-utils/raw-body"
"raw-body@2.5.2","MIT","https://github.com/stream-utils/raw-body"
"read-installed@4.0.3","ISC","https://github.com/isaacs/read-installed"
"read-package-json@2.1.2","ISC","https://github.com/npm/read-package-json"
"read-pkg-up@1.0.1","MIT","https://github.com/sindresorhus/read-pkg-up"
"read-pkg@1.1.0","MIT","https://github.com/sindresorhus/read-pkg"
"readable-stream@0.0.4","UNKNOWN","https://github.com/isaacs/readable-stream"
"readable-stream@1.0.34","MIT","https://github.com/isaacs/readable-stream"
"readable-stream@1.1.14","MIT","https://github.com/isaacs/readable-stream"
"readable-stream@2.3.8","MIT","https://github.com/nodejs/readable-stream"
"readable-stream@3.6.0","MIT","https://github.com/nodejs/readable-stream"
"readable-stream@3.6.1","MIT","https://github.com/nodejs/readable-stream"
"readdir-scoped-modules@1.1.0","ISC","https://github.com/npm/readdir-scoped-modules"
"readdirp@3.6.0","MIT","https://github.com/paulmillr/readdirp"
"redux-saga@1.0.0","MIT","https://github.com/redux-saga/redux-saga/tree/master/packages/core"
"redux@3.7.2","MIT","https://github.com/reactjs/redux"
"redux@4.2.1","MIT","https://github.com/reduxjs/redux"
"regenerator-runtime@0.13.11","MIT","https://github.com/facebook/regenerator/tree/main/packages/runtime"
"regexpp@3.2.0","MIT","https://github.com/mysticatea/regexpp"
"request@2.88.2","Apache-2.0","https://github.com/request/request"
"require-directory@2.1.1","MIT","https://github.com/troygoode/node-require-directory"
"require-from-string@1.2.1","MIT","https://github.com/floatdrop/require-from-string"
"require-from-string@2.0.2","MIT","https://github.com/floatdrop/require-from-string"
"require-main-filename@1.0.1","ISC","https://github.com/yargs/require-main-filename"
"require-main-filename@2.0.0","ISC","https://github.com/yargs/require-main-filename"
"requireindex@1.2.0","MIT","https://github.com/stephenhandley/requireindex"
"requires-port@1.0.0","MIT","https://github.com/unshiftio/requires-port"
"reselect-tree@1.3.7","MIT","https://github.com/trufflesuite/reselect-tree"
"reselect@4.1.7","MIT","https://github.com/reduxjs/reselect"
"resolve-alpn@1.2.1","MIT","https://github.com/szmarczak/resolve-alpn"
"resolve-from@4.0.0","MIT","https://github.com/sindresorhus/resolve-from"
"resolve@1.22.1","MIT","https://github.com/browserify/resolve"
"responselike@2.0.1","MIT","https://github.com/sindresorhus/responselike"
"restore-cursor@3.1.0","MIT","https://github.com/sindresorhus/restore-cursor"
"retry@0.13.1","MIT","https://github.com/tim-kos/node-retry"
"reusify@1.0.4","MIT","https://github.com/mcollina/reusify"
"rfdc@1.3.0","MIT","https://github.com/davidmarkclements/rfdc"
"rimraf@2.7.1","ISC","https://github.com/isaacs/rimraf"
"rimraf@3.0.2","ISC","https://github.com/isaacs/rimraf"
"ripemd160-min@0.0.6","UNKNOWN","https://github.com/zone117x/ripemd160-minimal.js"
"ripemd160@2.0.2","MIT","https://github.com/crypto-browserify/ripemd160"
"rlp@2.2.7","MPL-2.0","https://github.com/ethereumjs/rlp"
"run-parallel@1.2.0","MIT","https://github.com/feross/run-parallel"
"rustbn.js@0.2.0","(MIT OR Apache-2.0)","https://github.com/ethereumjs/rustbn.js"
"rxjs@7.8.0","Apache-2.0","https://github.com/reactivex/rxjs"
"safe-buffer@5.1.2","MIT","https://github.com/feross/safe-buffer"
"safe-buffer@5.2.1","MIT","https://github.com/feross/safe-buffer"
"safe-event-emitter@1.0.1","ISC",""
"safer-buffer@2.1.2","MIT","https://github.com/ChALkeR/safer-buffer"
"scrypt-js@2.0.4","MIT","https://github.com/ricmoo/scrypt-js"
"scrypt-js@3.0.1","MIT","https://github.com/ricmoo/scrypt-js"
"secp256k1@4.0.3","MIT","https://github.com/cryptocoinjs/secp256k1-node"
"semaphore@1.1.0","UNKNOWN","https://github.com/abrkn/semaphore.js"
"semver@5.4.1","ISC","https://github.com/npm/node-semver"
"semver@5.7.1","ISC","https://github.com/npm/node-semver"
"semver@6.3.0","ISC","https://github.com/npm/node-semver"
"semver@7.3.7","ISC","https://github.com/npm/node-semver"
"semver@7.3.8","ISC","https://github.com/npm/node-semver"
"send@0.18.0","MIT","https://github.com/pillarjs/send"
"sentence-case@2.1.1","MIT","https://github.com/blakeembrey/sentence-case"
"serialize-javascript@6.0.0","BSD-3-Clause","https://github.com/yahoo/serialize-javascript"
"serve-static@1.15.0","MIT","https://github.com/expressjs/serve-static"
"servify@0.1.12","MIT","https://github.com/maiavictor/servify"
"set-blocking@2.0.0","ISC","https://github.com/yargs/set-blocking"
"set-immediate-shim@1.0.1","MIT","https://github.com/sindresorhus/set-immediate-shim"
"setimmediate@1.0.4","MIT","https://github.com/YuzuJS/setImmediate"
"setimmediate@1.0.5","MIT","https://github.com/YuzuJS/setImmediate"
"setprototypeof@1.2.0","ISC","https://github.com/wesleytodd/setprototypeof"
"sha.js@2.4.11","(MIT AND BSD-3-Clause)","https://github.com/crypto-browserify/sha.js"
"sha3@2.1.4","MIT","https://github.com/phusion/node-sha3"
"shallowequal@1.1.0","MIT","https://github.com/dashed/shallowequal"
"shebang-command@2.0.0","MIT","https://github.com/kevva/shebang-command"
"shebang-regex@3.0.0","MIT","https://github.com/sindresorhus/shebang-regex"
"side-channel@1.0.4","MIT","https://github.com/ljharb/side-channel"
"signal-exit@3.0.7","ISC","https://github.com/tapjs/signal-exit"
"simple-concat@1.0.1","MIT","https://github.com/feross/simple-concat"
"simple-get@2.8.2","MIT","https://github.com/feross/simple-get"
"slice-ansi@3.0.0","MIT","https://github.com/chalk/slice-ansi"
"slice-ansi@4.0.0","MIT","https://github.com/chalk/slice-ansi"
"slice-ansi@5.0.0","MIT","https://github.com/chalk/slice-ansi"
"slide@1.1.6","ISC","https://github.com/isaacs/slide-flow-control"
"snake-case@2.1.0","MIT","https://github.com/blakeembrey/snake-case"
"solc@0.4.26","MIT","https://github.com/ethereum/solc-js"
"solhint-plugin-prettier@0.0.5","MIT",""
"solhint@3.4.0","MIT","https://github.com/protofire/solhint"
"solidity-comments-extractor@0.0.7","MIT",""
"spark-md5@3.0.2","(WTFPL OR MIT)","https://github.com/satazor/js-spark-md5"
"spdx-compare@1.0.0","MIT","https://github.com/kemitchell/spdx-compare.js"
"spdx-correct@3.1.1","Apache-2.0","https://github.com/jslicense/spdx-correct.js"
"spdx-exceptions@2.3.0","CC-BY-3.0","https://github.com/kemitchell/spdx-exceptions.json"
"spdx-expression-parse@3.0.1","MIT","https://github.com/jslicense/spdx-expression-parse.js"
"spdx-license-ids@3.0.12","CC0-1.0","https://github.com/jslicense/spdx-license-ids"
"spdx-ranges@2.1.1","(MIT AND CC-BY-3.0)","https://github.com/kemitchell/spdx-ranges.js"
"spdx-satisfies@4.0.1","MIT","https://github.com/kemitchell/spdx-satisfies.js"
"sshpk@1.17.0","MIT","https://github.com/joyent/node-sshpk"
"statuses@2.0.1","MIT","https://github.com/jshttp/statuses"
"strict-uri-encode@1.1.0","MIT","https://github.com/kevva/strict-uri-encode"
"string-argv@0.3.1","MIT","https://github.com/mccormicka/string-argv"
"string-width@1.0.2","MIT","https://github.com/sindresorhus/string-width"
"string-width@4.2.3","MIT","https://github.com/sindresorhus/string-width"
"string-width@5.1.2","MIT","https://github.com/sindresorhus/string-width"
"string_decoder@0.10.31","MIT","https://github.com/rvagg/string_decoder"
"string_decoder@1.1.1","MIT","https://github.com/nodejs/string_decoder"
"string_decoder@1.3.0","MIT","https://github.com/nodejs/string_decoder"
"strip-ansi@3.0.1","MIT","https://github.com/chalk/strip-ansi"
"strip-ansi@4.0.0","MIT","https://github.com/chalk/strip-ansi"
"strip-ansi@6.0.1","MIT","https://github.com/chalk/strip-ansi"
"strip-ansi@7.0.1","MIT","https://github.com/chalk/strip-ansi"
"strip-bom@2.0.0","MIT","https://github.com/sindresorhus/strip-bom"
"strip-final-newline@3.0.0","MIT","https://github.com/sindresorhus/strip-final-newline"
"strip-hex-prefix@1.0.0","MIT","https://github.com/SilentCicero/strip-hex-prefix"
"strip-indent@2.0.0","MIT","https://github.com/sindresorhus/strip-indent"
"strip-json-comments@3.1.1","MIT","https://github.com/sindresorhus/strip-json-comments"
"sublevel-pouchdb@7.3.1","Apache-2.0","https://github.com/pouchdb/pouchdb"
"supports-color@5.5.0","MIT","https://github.com/chalk/supports-color"
"supports-color@7.2.0","MIT","https://github.com/chalk/supports-color"
"supports-color@8.1.1","MIT","https://github.com/chalk/supports-color"
"supports-preserve-symlinks-flag@1.0.0","MIT","https://github.com/inspect-js/node-supports-preserve-symlinks-flag"
"swap-case@1.1.2","MIT","https://github.com/blakeembrey/swap-case"
"swarm-js@0.1.42","MIT","https://github.com/maiavictor/swarm-js"
"symbol-observable@1.2.0","MIT","https://github.com/blesh/symbol-observable"
"table@6.8.1","BSD-3-Clause","https://github.com/gajus/table"
"tar@4.4.19","ISC","https://github.com/npm/node-tar"
"testrpc@0.0.1","UNKNOWN","https://github.com/trufflesuite/ganache-cli"
"text-table@0.2.0","MIT","https://github.com/substack/text-table"
"through2@3.0.2","MIT","https://github.com/rvagg/through2"
"through@2.3.8","MIT","https://github.com/dominictarr/through"
"timed-out@4.0.1","MIT","https://github.com/floatdrop/timed-out"
"tiny-typed-emitter@2.1.0","MIT","https://github.com/binier/tiny-typed-emitter"
"title-case@2.1.1","MIT","https://github.com/blakeembrey/title-case"
"to-fast-properties@2.0.0","MIT","https://github.com/sindresorhus/to-fast-properties"
"to-regex-range@5.0.1","MIT","https://github.com/micromatch/to-regex-range"
"toidentifier@1.0.1","MIT","https://github.com/component/toidentifier"
"tough-cookie@2.5.0","BSD-3-Clause","https://github.com/salesforce/tough-cookie"
"tough-cookie@4.1.2","BSD-3-Clause","https://github.com/salesforce/tough-cookie"
"tr46@0.0.3","MIT","https://github.com/Sebmaster/tr46.js"
"treeify@1.1.0","MIT","https://github.com/notatestuser/treeify"
"truffle-contract-size@2.0.1","Apache-2.0","https://github.com/IoBuilders/truffle-contract-size"
"truffle-plugin-verify@0.6.1","MIT","https://github.com/rkalis/truffle-plugin-verify"
"truffle@5.7.7","MIT","https://github.com/trufflesuite/truffle"
"tslib@2.4.1","0BSD","https://github.com/Microsoft/tslib"
"tslib@2.5.0","0BSD","https://github.com/Microsoft/tslib"
"tunnel-agent@0.6.0","Apache-2.0","https://github.com/mikeal/tunnel-agent"
"tunnel@0.0.6","MIT","https://github.com/koichik/node-tunnel"
"tweetnacl-util@0.15.1","Unlicense","https://github.com/dchest/tweetnacl-util-js"
"tweetnacl@0.14.5","Unlicense","https://github.com/dchest/tweetnacl-js"
"tweetnacl@1.0.3","Unlicense","https://github.com/dchest/tweetnacl-js"
"type-check@0.4.0","MIT","https://github.com/gkz/type-check"
"type-detect@4.0.8","MIT","https://github.com/chaijs/type-detect"
"type-fest@0.20.2","(MIT OR CC0-1.0)","https://github.com/sindresorhus/type-fest"
"type-fest@0.21.3","(MIT OR CC0-1.0)","https://github.com/sindresorhus/type-fest"
"type-is@1.6.18","MIT","https://github.com/jshttp/type-is"
"type@1.2.0","ISC","https://github.com/medikoo/type"
"type@2.7.2","ISC","https://github.com/medikoo/type"
"typedarray-to-buffer@3.1.5","MIT","https://github.com/feross/typedarray-to-buffer"
"typescript-compare@0.0.2","MIT","https://github.com/ksxnodemodules/typescript-compare"
"typescript-logic@0.0.0","MIT","https://github.com/ksxnodemodules/typescript-logic"
"typescript-tuple@2.2.1","MIT","https://github.com/ksxnodemodules/typescript-tuple"
"ultron@1.1.1","MIT","https://github.com/unshiftio/ultron"
"universalify@0.1.2","MIT","https://github.com/RyanZim/universalify"
"universalify@0.2.0","MIT","https://github.com/RyanZim/universalify"
"universalify@2.0.0","MIT","https://github.com/RyanZim/universalify"
"unpipe@1.0.0","MIT","https://github.com/stream-utils/unpipe"
"update-browserslist-db@1.0.10","MIT","https://github.com/browserslist/update-db"
"upper-case-first@1.1.2","MIT","https://github.com/blakeembrey/upper-case-first"
"upper-case@1.1.3","MIT","https://github.com/blakeembrey/upper-case"
"uri-js@4.4.1","BSD-2-Clause","https://github.com/garycourt/uri-js"
"url-parse@1.5.10","MIT","https://github.com/unshiftio/url-parse"
"url-set-query@1.0.0","MIT","https://github.com/mattdesl/url-set-query"
"utf-8-validate@5.0.10","MIT","https://github.com/websockets/utf-8-validate"
"utf8@3.0.0","MIT","https://github.com/mathiasbynens/utf8.js"
"util-deprecate@1.0.2","MIT","https://github.com/TooTallNate/util-deprecate"
"util-extend@1.0.3","MIT","https://github.com/isaacs/util-extend"
"util@0.12.5","MIT","https://github.com/browserify/node-util"
"utils-merge@1.0.1","MIT","https://github.com/jaredhanson/utils-merge"
"uuid@2.0.1","Custom: https://secure.travis-ci.org/defunctzombie/node-uuid.png","https://github.com/shtylman/node-uuid"
"uuid@3.4.0","MIT","https://github.com/uuidjs/uuid"
"uuid@8.3.2","MIT","https://github.com/uuidjs/uuid"
"uuid@9.0.0","MIT","https://github.com/uuidjs/uuid"
"validate-npm-package-license@3.0.4","Apache-2.0","https://github.com/kemitchell/validate-npm-package-license.js"
"value-or-promise@1.0.11","MIT","https://github.com/yaacovCR/value-or-promise"
"value-or-promise@1.0.12","MIT","https://github.com/yaacovCR/value-or-promise"
"varint@5.0.2","MIT","https://github.com/chrisdickinson/varint"
"vary@1.1.2","MIT","https://github.com/jshttp/vary"
"verror@1.10.0","MIT","https://github.com/davepacheco/node-verror"
"vuvuzela@1.0.3","Apache-2.0","https://github.com/nolanlawson/vuvuzela"
"web3-bzz@1.8.2","LGPL-3.0","https://github.com/ethereum/web3.js/tree/1.x/packages/web3-bzz"
"web3-core-helpers@1.8.2","LGPL-3.0","https://github.com/ethereum/web3.js/tree/1.x/packages/web3-core-helpers"
"web3-core-method@1.8.2","LGPL-3.0","https://github.com/ethereum/web3.js/tree/1.x/packages/web3-core-method"
"web3-core-promievent@1.8.2","LGPL-3.0","https://github.com/ethereum/web3.js/tree/1.x/packages/web3-core-promievent"
"web3-core-requestmanager@1.8.2","LGPL-3.0","https://github.com/ethereum/web3.js/tree/1.x/packages/web3-core-requestmanager"
"web3-core-subscriptions@1.8.2","LGPL-3.0","https://github.com/ethereum/web3.js/tree/1.x/packages/web3-core-subscriptions"
"web3-core@1.8.2","LGPL-3.0","https://github.com/ethereum/web3.js/tree/1.x/packages/web3-core"
"web3-eth-abi@1.8.2","LGPL-3.0","https://github.com/ethereum/web3.js/tree/1.x/packages/web3-eth-abi"
"web3-eth-accounts@1.8.2","LGPL-3.0","https://github.com/ethereum/web3.js/tree/1.x/packages/web3-eth-accounts"
"web3-eth-contract@1.8.2","LGPL-3.0","https://github.com/ethereum/web3.js/tree/1.x/packages/web3-eth-contract"
"web3-eth-ens@1.8.2","LGPL-3.0","https://github.com/ethereum/web3.js/tree/1.x/packages/web3-eth-ens"
"web3-eth-iban@1.8.2","LGPL-3.0","https://github.com/ethereum/web3.js/tree/1.x/packages/web3-eth-iban"
"web3-eth-personal@1.8.2","LGPL-3.0","https://github.com/ethereum/web3.js/tree/1.x/packages/web3-eth-personal"
"web3-eth@1.8.2","LGPL-3.0","https://github.com/ethereum/web3.js/tree/1.x/packages/web3-eth"
"web3-net@1.8.2","LGPL-3.0","https://github.com/ethereum/web3.js/tree/1.x/packages/web3-net"
"web3-provider-engine@16.0.3","MIT","https://github.com/MetaMask/web3-provider-engine"
"web3-providers-http@1.8.2","LGPL-3.0","https://github.com/ethereum/web3.js/tree/1.x/packages/web3-providers-http"
"web3-providers-ipc@1.8.2","LGPL-3.0","https://github.com/ethereum/web3.js/tree/1.x/packages/web3-providers-ipc"
"web3-providers-ws@1.8.2","LGPL-3.0","https://github.com/ethereum/web3.js/tree/1.x/packages/web3-providers-ws"
"web3-shh@1.8.2","LGPL-3.0","https://github.com/ethereum/web3.js/tree/1.x/packages/web3-shh"
"web3-utils@1.8.2","LGPL-3.0","https://github.com/ethereum/web3.js/tree/1.x/packages/web3-utils"
"web3@1.8.2","LGPL-3.0","https://github.com/ethereum/web3.js"
"webidl-conversions@3.0.1","BSD-2-Clause","https://github.com/jsdom/webidl-conversions"
"websocket@1.0.34","Apache-2.0","https://github.com/theturtle32/WebSocket-Node"
"whatwg-fetch@2.0.4","MIT","https://github.com/github/fetch"
"whatwg-mimetype@3.0.0","MIT","https://github.com/jsdom/whatwg-mimetype"
"whatwg-url@5.0.0","MIT","https://github.com/jsdom/whatwg-url"
"which-module@1.0.0","ISC","https://github.com/nexdrew/which-module"
"which-module@2.0.0","ISC","https://github.com/nexdrew/which-module"
"which-typed-array@1.1.9","MIT","https://github.com/inspect-js/which-typed-array"
"which@2.0.2","ISC","https://github.com/isaacs/node-which"
"window-size@0.2.0","MIT","https://github.com/jonschlinkert/window-size"
"word-wrap@1.2.3","MIT","https://github.com/jonschlinkert/word-wrap"
"workerpool@6.2.1","Apache-2.0","https://github.com/josdejong/workerpool"
"wrap-ansi@2.1.0","MIT","https://github.com/chalk/wrap-ansi"
"wrap-ansi@6.2.0","MIT","https://github.com/chalk/wrap-ansi"
"wrap-ansi@7.0.0","MIT","https://github.com/chalk/wrap-ansi"
"wrappy@1.0.2","ISC","https://github.com/npm/wrappy"
"write-stream@0.4.3","MIT","https://github.com/Raynos/write-stream"
"ws@3.3.3","MIT","https://github.com/websockets/ws"
"ws@5.2.3","MIT","https://github.com/websockets/ws"
"ws@7.4.6","MIT","https://github.com/websockets/ws"
"ws@7.5.9","MIT","https://github.com/websockets/ws"
"xhr-request-promise@0.1.3","MIT","https://github.com/maiavictor/xhr-request-promise"
"xhr-request@1.1.0","MIT","https://github.com/Jam3/xhr-request"
"xhr@2.6.0","MIT","https://github.com/naugtur/xhr"
"xmlhttprequest@1.8.0","MIT","https://github.com/driverdan/node-XMLHttpRequest"
"xss@1.0.14","MIT","https://github.com/leizongmin/js-xss"
"xtend@2.1.2","MIT","https://github.com/Raynos/xtend"
"xtend@4.0.2","MIT","https://github.com/Raynos/xtend"
"y18n@3.2.2","ISC","https://github.com/yargs/y18n"
"y18n@4.0.3","ISC","https://github.com/yargs/y18n"
"y18n@5.0.8","ISC","https://github.com/yargs/y18n"
"yaeti@0.0.6","MIT","https://github.com/ibc/yaeti"
"yallist@3.1.1","ISC","https://github.com/isaacs/yallist"
"yallist@4.0.0","ISC","https://github.com/isaacs/yallist"
"yaml@2.2.1","ISC","https://github.com/eemeli/yaml"
"yargs-parser@18.1.3","ISC","https://github.com/yargs/yargs-parser"
"yargs-parser@2.4.1","ISC","https://github.com/yargs/yargs-parser"
"yargs-parser@20.2.4","ISC","https://github.com/yargs/yargs-parser"
"yargs-unparser@2.0.0","MIT","https://github.com/yargs/yargs-unparser"
"yargs@15.4.1","MIT","https://github.com/yargs/yargs"
"yargs@16.2.0","MIT","https://github.com/yargs/yargs"
"yargs@4.8.1","MIT","https://github.com/yargs/yargs"
"yocto-queue@0.1.0","MIT","https://github.com/sindresorhus/yocto-queue"